-0.00784948,-0.00820328,0.00803246,-0.00492133,-0.01007170,-0.00776419,-0.00948898,-0.00019377,-0.00098593,-0.00517530,-0.00021486,0.00506757,-0.01142026,-0.00215787,-0.00098472,-0.01015166,0.00845001,0.00662198,0.00510516,-0.01171162,0.00958525,-0.00383931,-0.00558249,0.00907388,0.00954177,0.00362085,0.00036986,-0.00036141,-0.00143756,0.00345929,-0.00391813,0.00453145,-0.00683841,0.00712064,0.00377225,-0.00292003,0.00283033,-0.00324159,-0.00463841,-0.00385535,-0.00591814,0.00210167,0.00557412,-0.00151195,0.00432506,0.00239143,-0.00920301,-0.01198122,-0.00539524,-0.00673325,-0.00157396,-0.00018026,-0.00159979,-0.00393637,-0.00092918,0.00354247,0.01026316,-0.00329259,-0.00089385,0.00052443,0.00729306,0.00052086,-0.00515667,0.00841664,-0.00242271,-0.00698134,-0.00041767,-0.00154254,-0.00510097,-0.00829470,0.00164572,-0.00133336,0.00364547,0.00113019,-0.00235861,0.00665678,-0.01089922,0.00181585,0.02238616,-0.00533749,-0.00424011,-0.00618327,0.00998745,0.00253831,0.00901272,-0.00598930,0.00234560,-0.00525019,-0.00269126,-0.00418733,-0.00244188,-0.00428094,0.00858805,0.00245291,-0.00663145,0.00276682,-0.00502004,-0.00727924,-0.00855066,-0.00255217,0.06281359,0.00912795,0.01029755,-0.00486606,0.00068707,-0.00495158,-0.00792701,-0.00069656,0.00991060,0.00409422,-0.00819183,-0.00533800,0.00406276,0.00244910,0.00263534,0.00899809,0.01015042,0.00074040,-0.00663258,0.00304694,-0.00760080,0.00048672,-0.00216446,-0.00540478,0.00939791,0.03997191,-0.00153300,0.00141800
0.00000000,-0.00086130,-0.01426132,0.00688714,0.00531783,-0.00271968,0.02387433,-0.00216996,0.00157614,0.00236229,0.00582066,-0.00146417,-0.01262546,0.00900298,-0.00406583,-0.00342323,0.01178810,0.00536510,-0.02955331,-0.01927995,-0.00800823,0.01083893,0.00889218,-0.00285045,0.00563915,-0.00518585,0.00098496,-0.00131624,0.00576990,-0.00456687,0.01267973,-0.00056867,0.00551860,0.00321367,0.00440071,0.01064999,-0.00336272,-0.00377650,0.00266158,-0.01241655,0.00369842,0.00203086,0.00929124,0.00367494,0.00471250,-0.00470264,0.00229735,-0.00552366,0.00140540,-0.00844316,-0.00257214,-0.00004314,-0.00739968,0.00107610,-0.00965739,-0.00265266,-0.00102772,-0.00455780,0.00527478,0.00267408,0.00936331,0.01089254,-0.00330327,0.00476139,0.00153072,0.00656523,0.00104848,-0.00837552,-0.01180011,-0.01406078,-0.00538424,-0.00437017,-0.01867640,0.00838808,-0.00021617,-0.00074676,-0.01992533,-0.01370240,0.00538043,-0.00024837,-0.00316933,-0.00168372,-0.00090595,0.00098201,-0.00117663,0.01990132,0.00577914,0.00241768,0.01733887,0.00126391,-0.00158628,0.00809363,-0.00128433,-0.00062094,0.00339985,-0.00169163,0.00533956,0.00470809,-0.00212445,0.00126083,0.00703560,0.01148143,-0.00899617,0.00379673,-0.01202480,0.00909152,-0.01551773,-0.00316315,0.01614193,-0.01013304,0.00151712,0.00281879,0.04008240,0.00531902,0.02015644,-0.00849268,-0.00148044,-0.00009119,0.00078558,-0.00458410,0.00970389,-0.00424810,-0.02525124,-0.02466641,-0.00529488,-0.00127614,-0.00341109,0.00100645
0.00000000,0.00000000,0.04278295,-0.04256868,0.03192673,-0.01408245,-0.00466762,-0.01098104,-0.00053381,0.00873812,-0.03935422,-0.00536964,0.00642967,-0.00596213,0.01534439,-0.00103289,-0.00420185,-0.00504323,-0.01811814,-0.02175012,-0.00480442,0.01105728,0.00242891,-0.00201725,0.00226328,0.04626606,0.00183060,0.00557843,-0.00191428,-0.00237536,0.10088802,0.00304516,0.00257716,-0.00325239,0.00657770,-0.01053579,-0.02460064,-0.00512859,0.00173887,-0.00501624,-0.01191363,0.00317572,-0.00073597,0.00091037,-0.00019985,-0.00174835,0.01100164,-0.00095232,0.01725197,-0.00123979,-0.00086916,0.01579169,-0.14689946,-0.00765216,-0.00370291,-0.00569607,-0.00549500,0.00434829,0.00679341,0.00195990,-0.00793805,0.00813491,-0.00862621,-0.02935253,-0.00013777,-0.00031582,-0.00640761,0.10378857,-0.01030433,-0.00556476,0.00167007,-0.00565264,0.05320126,0.00266865,-0.00696821,-0.00362402,0.01162914,0.01177658,-0.01779166,-0.02327562,-0.00646533,-0.00283855,-0.00808523,-0.00200698,0.01017504,0.01555398,-0.00648098,-0.00100372,-0.00543207,-0.00185813,0.00098274,-0.00620223,-0.00268333,0.00162051,-0.00154819,-0.00397814,0.02363310,0.00294438,-0.00934522,-0.00527610,0.00055648,0.00100869,0.00221811,-0.02004307,-0.00094216,0.00045657,0.03936949,-0.00271860,0.00587506,-0.00332352,0.00790316,-0.00929509,0.01797302,0.00114054,-0.01269075,-0.00186749,0.00018776,0.04892429,0.01669210,0.00613927,0.02144340,0.00180068,-0.00709734,-0.00158344,-0.01783689,0.00202230,-0.00678721,-0.00164080
0.00000000,0.00000000,0.00000000,0.07632938,0.02278322,0.01172799,0.01557196,0.00426066,0.00241062,0.00433305,0.00948752,0.00384810,0.00577160,-0.00046096,0.00066886,-0.00339027,0.00314087,-0.00628423,-0.01481635,0.00546836,-0.00763552,-0.01222390,0.00486684,-0.01997179,-0.00037970,-0.01133343,0.00796819,-0.00702566,-0.02216599,-0.00471628,-0.01248360,-0.00849317,0.00424880,-0.04086483,-0.00304106,0.00196297,-0.01567234,-0.00629098,0.00240225,0.00286949,-0.01587608,0.00320002,-0.00022088,-0.00397955,-0.01029381,0.00286820,-0.01143595,-0.00370136,-0.02167324,0.00367514,0.00069813,-0.00529024,-0.01744108,0.00432653,-0.00212697,-0.00523838,-0.00402297,0.00357108,0.00652740,0.00198775,-0.00529561,0.00370521,0.00703637,0.00104677,-0.00262515,0.00716259,-0.00690581,0.02321137,0.00495968,0.00073983,0.00025286,-0.00023417,-0.00371469,-0.00461760,0.00293633,-0.00605097,0.00963775,0.01062649,0.00260244,0.00163959,0.00103275,-0.00371472,0.00092926,-0.00719759,-0.01699845,-0.00638077,-0.01255245,0.00328783,-0.01402255,0.00088020,0.00699871,0.00535442,0.03495793,0.00263808,-0.00708312,0.00809486,0.04573718,0.00451326,-0.03932672,-0.00550572,-0.00362892,-0.00263140,0.01435623,0.00282457,-0.00518426,-0.00021093,-0.01465970,-0.00093872,0.01407118,-0.01104268,-0.00670364,0.00689578,0.01545490,0.00302490,0.00144385,-0.01691713,-0.01288183,-0.00199097,-0.01212663,-0.00511993,0.01356834,-0.00143441,-0.00530628,0.00062632,-0.01424424,-0.00060549,-0.00704474,0.00128010
0.00000000,0.00000000,0.00000000,0.00000000,-0.04144995,-0.00372934,-0.00975591,-0.00644930,0.00114687,0.06920626,-0.00099357,-0.00047157,-0.00104323,-0.00134092,0.02901660,-0.00166388,-0.00515376,-0.00773092,-0.01180368,0.03017566,-0.00828033,0.00048819,0.00210172,-0.00963963,-0.00808838,-0.01315235,0.01745995,-0.00413282,0.00858004,0.00248023,0.01018004,-0.00700080,-0.00001951,0.05994597,0.00121531,-0.04012353,0.01356832,-0.00824483,0.00376435,0.00093151,0.00089140,0.00436785,0.00023899,-0.00732586,-0.00524206,-0.00011731,0.00328375,0.00423293,-0.00560028,-0.02517124,-0.00267840,-0.01646326,-0.02071915,-0.01329253,-0.00352036,-0.00432414,-0.00540764,0.00234942,-0.00054975,-0.00109650,-0.00527509,-0.00446223,-0.00081033,-0.01239184,-0.00161078,-0.00229787,-0.01785831,0.02886164,-0.00379841,0.00394018,-0.00188421,-0.00238736,0.02512155,-0.00712580,-0.00271470,-0.01109883,0.01283554,0.00116101,-0.01682380,0.00152319,-0.01079220,-0.00823332,-0.00881588,-0.00495511,-0.00873503,0.00521399,-0.00829204,-0.00173939,-0.00233707,-0.00082556,0.00267763,0.01070703,0.00065988,0.00608936,-0.00606444,0.00306307,0.00196079,-0.00533427,0.05894804,-0.00456377,-0.00138757,-0.00268908,-0.00526986,0.02367316,0.00008322,0.00066626,0.01370902,-0.00401351,-0.00287550,-0.00626267,0.00155688,0.00130361,0.00421813,0.00390522,-0.01814847,-0.05424329,-0.01771047,0.02958760,0.01187557,0.00651986,-0.00144716,0.00433365,-0.00053699,0.00238523,-0.01759052,-0.00293299,-0.00779464,0.00117075
0.00000000,0.00000000,0.00000000,0.00000000,0.00000000,0.03996321,-0.01448893,0.00350305,-0.00278911,-0.00837794,-0.00387569,0.00114849,-0.00368643,0.00051629,-0.00147225,0.00282759,-0.00397423,0.01042280,0.01365967,0.00552720,0.00908981,0.01395415,-0.00261275,0.01194916,-0.00373116,-0.05249958,0.01127008,-0.02334998,0.01302735,-0.00061676,0.02136994,0.01148983,-0.00789728,0.01006336,0.00445916,0.00425422,0.01117634,0.00742879,0.01006475,0.00358998,-0.02350076,-0.00207546,-0.00185217,0.01515210,0.00685179,-0.00326377,-0.02050085,0.00462110,-0.01617501,0.00607344,-0.00226318,0.02191157,-0.00640026,-0.01149845,-0.00670464,-0.00527747,-0.00284047,0.01750412,0.01318008,-0.00399769,0.00459097,-0.00419324,-0.00204303,0.01442078,0.00239374,0.00346535,0.00286730,-0.00815153,-0.01054692,0.02672438,0.00236251,-0.00438187,0.00763976,0.00653760,-0.00240791,-0.00073260,-0.00607744,-0.01467230,-0.00467703,-0.01930829,0.00728443,-0.00167345,-0.01106824,0.00121764,0.01162721,-0.00167551,0.00441560,-0.00188009,0.00281680,0.00724628,0.00506188,0.01651862,-0.00275379,-0.00294116,0.00409413,0.00016132,0.00603792,-0.01224874,0.00258177,-0.00548020,0.00683271,0.00507578,0.01380078,0.01122875,0.03715451,-0.03714189,-0.00034405,-0.00793466,0.00455207,0.00732912,-0.00217211,0.00438552,-0.00072034,-0.07518046,0.01083417,-0.00273380,-0.00594857,0.00327470,-0.00979833,-0.00548884,-0.01597569,0.00125540,0.00162846,-0.00007241,0.01398200,0.00157710,-0.00231995,0.00262900
0.00000000,0.00000000,0.00000000,0.00000000,0.00000000,0.00000000,0.06012054,0.00938002,-0.00453406,-0.00041257,-0.01076179,-0.00282782,-0.00351172,-0.00826633,-0.00458248,-0.00073476,-0.00203839,0.00998598,-0.03612195,0.02871847,-0.02097391,-0.00529699,-0.01623194,-0.00100355,-0.00156898,-0.00285651,0.00178275,-0.00899776,-0.00710041,-0.00358650,-0.01637928,-0.00902514,-0.01672317,-0.01339721,-0.00567462,-0.01873218,-0.00818183,-0.00115799,0.00860573,0.01024825,0.01055004,0.01406323,-0.00099835,-0.00427999,0.00614761,-0.00514788,-0.01915070,-0.01055087,-0.01600418,0.01053486,-0.00270037,0.00733822,-0.00612045,0.00284035,0.01495642,-0.00241106,-0.00831067,0.00141713,-0.00684493,-0.01120177,0.02050589,-0.00504354,0.00941320,0.01485340,-0.00645292,-0.01701057,-0.00784196,0.02104403,-0.00212800,0.00378047,0.00250035,0.00268157,0.02453125,-0.00268526,-0.00391440,-0.00416051,0.03038996,-0.01213064,-0.00578638,-0.00730709,-0.00801759,-0.01184160,-0.00075176,0.01361761,0.00921401,-0.01310821,0.00524829,-0.01007425,0.01586612,-0.02293555,0.00547992,0.05180382,-0.01197094,-0.00721359,-0.02513659,-0.01445792,0.00274285,-0.01469811,-0.01349823,-0.00579833,-0.00064387,0.02836492,-0.00961337,-0.00183413,0.02106826,0.00634089,-0.00589969,-0.00656095,-0.01084141,0.00327003,0.00605081,-0.01012779,0.01853189,0.00423438,-0.01059905,0.01027203,-0.02357706,-0.01433959,-0.02527312,0.02097973,0.02421735,0.03269737,0.03956476,0.03333676,-0.03188130,-0.00284623,0.00013509,0.00426417
0.00000000,0.00000000,0.00000000,0.00000000,0.00000000,0.00000000,0.00000000,-0.06783252,-0.00050502,-0.00073126,0.00050491,-0.00361383,0.00309465,-0.00095365,-0.02815233,0.00341356,0.00017767,-0.00371753,-0.00477848,-0.00414197,-0.00058019,0.02119970,0.00138665,-0.00341775,-0.00045894,-0.01197927,0.00752107,0.00173735,0.00571583,0.00160473,0.00246285,0.00079963,-0.00482195,-0.00374059,0.00136725,-0.00158319,0.00005760,-0.00512902,0.00652766,0.00064759,-0.00320666,0.00053229,0.00193275,-0.00261908,0.00369307,-0.03445756,0.06556175,-0.00116333,0.01296902,0.00156989,0.00620968,-0.00138153,0.00152737,-0.00463132,-0.00339740,-0.00251556,0.00159154,0.00643388,0.00179721,0.04664333,-0.00058569,-0.00033063,-0.05471685,-0.01309281,0.00933440,0.00345720,-0.00958065,0.01352035,0.00723428,-0.00137133,-0.00073648,0.00081977,-0.00032727,0.00054859,-0.00926334,-0.00055816,0.00476439,-0.00434332,-0.00119399,0.00504738,-0.00994968,0.01378666,0.00516522,0.00196700,0.00503606,-0.00112028,0.00176698,0.01245856,0.00295427,0.00261842,0.00295736,-0.01048206,-0.00743786,0.00353438,0.00052244,-0.00302705,0.00348326,-0.00160710,0.00216303,-0.00372350,0.00152219,0.00016602,-0.00903487,0.00950457,0.00219459,-0.00252463,0.01312064,-0.00570602,-0.01235622,0.00491978,-0.00912261,-0.00245952,0.00494494,-0.00109937,0.00062699,-0.00320661,0.00508788,-0.01902940,0.05830261,-0.00080737,0.00625855,0.00066768,-0.00063750,-0.00020548,0.00143024,0.00126457,0.00113151,0.00467369
0.00000000,0.00000000,0.00000000,0.00000000,0.00000000,0.00000000,0.00000000,0.00000000,0.01214633,-0.00321146,-0.00217892,0.00876972,0.00025844,-0.00052827,0.00566230,-0.00983721,-0.00232015,0.00352757,0.00302211,0.00048809,0.00673042,-0.01773009,0.00337619,-0.00031803,-0.00515137,-0.01112418,0.00112256,-0.00554971,0.00226742,0.01460120,-0.00592666,-0.00425761,0.00073355,-0.00251504,0.00802648,-0.00006187,-0.00851733,-0.00091398,-0.00407141,-0.00038137,0.00219833,0.00169953,-0.00012760,-0.00245523,0.00773080,0.01055497,-0.01005931,0.00434511,-0.01279312,0.00355386,0.00947871,-0.00475844,-0.00215134,-0.00452454,-0.00486364,-0.00752076,-0.00472172,0.00129660,0.00663059,0.00540417,-0.00342581,0.00133555,-0.00753356,0.00007784,-0.00449247,0.00337167,-0.00409725,-0.00201337,0.01141221,-0.00527105,-0.00308497,0.00648486,0.00337237,-0.00048375,0.01105154,-0.00141609,-0.00470175,0.00424618,0.00009684,-0.00227390,-0.00902242,-0.00080728,0.01608604,0.00168731,0.00171210,-0.00361184,-0.00626242,-0.00052752,0.00033632,0.00652389,0.03655205,-0.00396414,0.00072555,-0.03914858,-0.00118048,0.00490187,0.00544878,-0.00084031,-0.00036789,-0.00337946,-0.00562351,-0.00055489,0.00470897,-0.00255621,-0.00113509,-0.01055345,0.00198278,-0.00335984,0.00813812,0.00340710,-0.00137589,0.00576066,0.00061273,0.00041246,-0.00368554,-0.00943562,-0.00120701,-0.00415613,-0.00325379,0.00178653,-0.00169141,-0.00171952,-0.00345801,0.00177838,-0.00113159,0.00828184,-0.00755246,-0.05962216
0.00000000,0.00000000,0.00000000,0.00000000,0.00000000,0.00000000,0.00000000,0.00000000,0.00000000,0.04918144,-0.00886937,0.00213106,0.00252261,-0.00094298,-0.00871296,-0.00077501,-0.00367178,-0.00168675,-0.00814373,0.00095875,0.00095632,-0.00138186,0.00098412,-0.00340822,0.00784827,0.03074037,-0.00618008,0.00415902,0.00452120,-0.00507221,0.01299807,-0.00255767,0.00092797,0.04051919,0.00115050,-0.00390312,0.06539136,-0.00082541,0.00096354,0.00085356,0.00382624,0.00302694,-0.00032391,-0.00929873,-0.00518704,-0.00157505,0.00021660,0.00110387,-0.00723718,-0.00566159,-0.00148821,-0.03171945,0.01930759,0.02335519,-0.00267515,0.00040415,-0.00266926,0.00304574,0.00553462,0.00216928,-0.00467654,-0.00153870,-0.00099783,-0.00397663,0.00144756,-0.00426875,-0.00342097,0.00614067,-0.00099728,-0.00027373,-0.00209261,-0.00017469,0.00560096,-0.00160045,-0.00181738,-0.00548074,-0.00162173,0.02267685,-0.00844256,-0.00262107,-0.01188905,-0.00259827,-0.01123590,-0.00183869,-0.00474581,-0.00224811,0.00419962,-0.00205030,-0.00158892,-0.00321181,-0.00337778,-0.00013735,-0.00612066,-0.00085973,-0.00543507,0.00072499,0.00603272,-0.00026889,-0.01105453,0.00009522,0.00332854,-0.00223984,-0.00778131,0.01035971,-0.00128927,-0.00145894,-0.03087506,-0.00102643,-0.00693673,-0.00189087,-0.00701432,-0.00283011,0.00114734,0.00371514,0.00111174,-0.02620394,0.00046902,-0.04532231,0.00461252,0.00388592,0.01505858,0.00436923,-0.00260531,-0.00369741,-0.00201825,0.00139159,-0.00829709,-0.00213887
0.00000000,0.00000000,0.00000000,0.00000000,0.00000000,0.00000000,0.00000000,0.00000000,0.00000000,0.00000000,0.05955192,0.00025516,-0.00099917,-0.00149014,-0.01113976,0.00366970,-0.00157002,0.00180091,-0.00821739,0.00324335,-0.00535675,-0.00636356,-0.00839151,-0.00113593,-0.00667752,-0.00595870,-0.05317011,-0.01159182,0.00177394,0.00175121,0.03928637,-0.00158486,-0.00113979,-0.00035321,0.00153986,0.04758772,-0.01923331,-0.00471571,0.00063954,0.00288749,-0.00250696,0.00052098,0.00158357,0.02894669,0.00233127,-0.00012936,-0.01044614,-0.00604233,-0.00281339,0.00362561,-0.00361339,0.01067755,0.01811872,0.01238344,-0.00014448,-0.00098132,-0.00458994,0.00067054,0.00659944,-0.00503239,0.00247390,0.00070600,0.00416529,-0.01074084,0.00343217,-0.00582003,-0.00490159,-0.00389353,-0.00045225,-0.00774423,-0.00490643,-0.00197866,0.01296935,0.00114995,-0.00448846,0.00178350,0.00943705,0.00340797,-0.00293931,-0.00744626,-0.00937350,0.00021369,0.00229509,-0.00088051,0.00426982,-0.00740237,-0.00576358,-0.00187353,-0.00331031,0.00015627,-0.00090804,0.00981746,-0.00114170,-0.00250458,-0.00087674,0.00185896,-0.00627770,0.00021139,-0.00157149,0.00054767,-0.00092702,0.00175608,0.00488429,-0.01474872,0.00082498,0.00151285,0.01011256,0.00146264,-0.00469303,-0.00152071,0.00028035,-0.00476453,-0.00704497,-0.00295369,0.02592093,0.01005795,0.00195803,0.00408821,-0.01701616,-0.01545576,-0.00616215,-0.00365277,-0.00454116,-0.00379740,0.00103939,-0.00245303,-0.00415821,0.00048172
0.00000000,0.00000000,0.00000000,0.00000000,0.00000000,0.00000000,0.00000000,0.00000000,0.00000000,0.00000000,0.00000000,0.07973017,0.00584158,0.00235685,0.00937395,-0.02054620,0.00161221,0.00729148,-0.00026971,0.00337080,0.00641515,0.00238756,0.00433018,0.00052690,-0.00009376,-0.00177384,-0.00855740,-0.00263734,0.00264899,0.00533640,0.00369713,-0.00365500,-0.00189265,0.00224705,0.02429070,-0.00080970,-0.00343972,0.00338186,0.00788128,-0.00221701,-0.00635745,0.00202079,-0.01209857,-0.00294014,-0.01184363,0.00101028,-0.01194708,-0.01459166,0.00041424,-0.00331903,-0.00020168,-0.00038154,0.00126681,0.00010246,-0.00137338,0.00680819,-0.00570977,-0.00294751,-0.01089821,-0.00063077,-0.00993997,0.00377183,-0.02224993,0.00432212,0.00042733,-0.00320402,0.00069639,-0.00681314,0.01066025,-0.00119929,0.00266432,-0.01337697,-0.00392224,-0.00155149,0.00560675,0.00176078,-0.00447691,0.00464280,-0.03352155,0.00157725,0.00105594,-0.00243030,-0.00261190,-0.00083229,0.00457459,0.00171108,0.00574727,0.00134600,0.00136274,-0.00203733,0.00242096,-0.00162574,0.00132145,0.00899864,0.00921863,-0.03480608,-0.00253267,0.01785427,0.00151086,0.00004321,-0.01017828,0.00224999,-0.00458981,-0.01144793,-0.00330859,-0.00033672,-0.00899571,-0.00119840,-0.01407763,0.00340811,-0.00394214,0.00345045,-0.00431583,-0.00153726,0.00413110,-0.00623003,-0.00338024,-0.00145155,-0.00078075,-0.00000296,-0.00916908,0.00076319,0.00009596,-0.00272354,0.00670845,-0.00771413,0.01695554,0.00234521
0.00000000,0.00000000,0.00000000,0.00000000,0.00000000,0.00000000,0.00000000,0.00000000,0.00000000,0.00000000,0.00000000,0.00000000,0.03770301,-0.01980597,-0.00321540,0.00395520,0.00923502,0.00881232,-0.00638778,-0.00014430,0.01872326,0.00022447,-0.01991390,-0.00257906,0.00017298,-0.00484409,-0.00418083,-0.00785000,0.00074367,0.00106974,0.00754765,0.00784836,-0.01834643,0.00090651,-0.00565921,-0.00897632,0.00290756,0.00101785,-0.00230795,0.00425298,0.01723417,-0.03332727,-0.01586447,0.00214109,0.00822613,-0.00886597,-0.01257073,-0.00392135,-0.01468042,-0.00400952,-0.00010657,0.00635101,0.00226507,0.00057884,0.00207888,0.00481018,-0.01104167,0.00077561,-0.02178392,-0.00587662,0.00517325,-0.00318171,0.00658915,0.01729792,0.00139045,-0.00491856,0.00119700,-0.00686574,-0.00017422,-0.00315578,-0.01721997,-0.00520457,0.01251707,0.00048140,0.00145700,0.01276665,-0.02205152,0.00814386,0.00285457,-0.00332343,0.00641654,-0.00414675,-0.00667475,0.00099800,0.01481365,-0.00381009,0.00452031,-0.01326988,0.00008798,-0.00472866,0.00212038,0.00490180,0.00100415,0.00172077,-0.01068117,0.00707088,-0.00160678,-0.01286700,-0.00117600,0.00229641,0.00599805,0.00590586,-0.00343118,0.00128694,0.01133056,0.00903942,-0.00727989,0.00031077,0.00488472,0.01996936,-0.00436002,0.00396210,0.01000668,0.01360936,0.00429313,-0.00655355,-0.00196532,0.00697806,-0.01243136,0.00437362,-0.00886076,0.00793349,-0.00209143,-0.00341072,-0.00112681,0.00061830,-0.00502938,0.00305597
0.00000000,0.00000000,0.00000000,0.00000000,0.00000000,0.00000000,0.00000000,0.00000000,0.00000000,0.00000000,0.00000000,0.00000000,0.00000000,0.08976224,-0.00259558,0.00040989,-0.00021656,0.00026637,-0.00246862,0.00612772,0.00735647,-0.00220875,-0.00331439,-0.00734026,0.00795986,-0.00660365,-0.00125971,0.00357583,0.00085343,-0.00214403,0.00345619,-0.00127378,-0.00888010,-0.00087863,-0.00192645,0.00203140,-0.00776908,0.00655312,-0.00283441,0.00111218,-0.01253691,-0.01701024,-0.00411618,-0.00253240,0.00172516,0.00265046,0.00186785,-0.00089870,-0.00132434,-0.00480239,-0.00152840,-0.00444760,-0.00338257,0.00034811,0.00322393,0.00383039,-0.00323739,0.00091312,0.00211333,0.00195555,-0.00479707,0.00044807,-0.00114861,0.00161298,0.00361349,-0.00399599,0.00017221,-0.00292126,-0.00262031,-0.00880165,0.01855737,-0.00352453,-0.00437260,0.00175377,-0.00007815,0.00393502,0.00177558,0.00067149,0.00348200,0.00038119,0.00032184,-0.00635402,-0.00221469,-0.00248414,-0.00658348,-0.00248192,-0.00200875,-0.00323882,0.00209480,-0.00559942,-0.00221371,-0.01027272,0.00016036,-0.00337405,0.00438901,-0.00684281,-0.00085802,-0.00274446,0.00187981,0.00113713,-0.00295996,-0.00365164,-0.00058015,-0.00132848,0.00168980,-0.00105574,0.00217835,-0.00241622,-0.00515930,0.00770395,-0.00042918,-0.01109045,-0.00155706,0.00404803,-0.00072163,-0.00295153,-0.00305586,-0.00244410,-0.00398613,-0.00138544,-0.00440593,0.00147206,0.00315185,0.00164606,0.00025176,0.00404800,-0.00674393,0.00068953
0.00000000,0.00000000,0.00000000,0.00000000,0.00000000,0.00000000,0.00000000,0.00000000,0.00000000,0.00000000,0.00000000,0.00000000,0.00000000,0.00000000,-0.01816972,-0.00033191,-0.00221455,-0.00702043,-0.00323973,-0.00161139,0.00433957,0.00886553,-0.01510024,-0.00540963,0.00540484,-0.01476392,0.00246012,0.00273991,0.00556027,0.00101143,-0.00753468,0.00259379,-0.00898873,0.01175932,0.00207097,-0.00016900,-0.01985838,-0.00919480,-0.00090551,-0.01095378,-0.00562275,0.00216129,0.00371329,-0.00173676,-0.00066165,-0.01460824,0.03801296,0.00195585,0.00877707,0.01113790,0.00427220,-0.01694491,0.00704527,0.01086203,-0.00439570,-0.00357636,-0.00634568,-0.00471451,0.00752238,-0.01265523,-0.00111034,0.00550703,0.00349316,-0.00984322,-0.00154288,0.00243638,0.00888142,-0.00828280,0.00191789,-0.00545564,-0.00384976,0.00097605,0.00733525,-0.00199338,-0.00528195,-0.00482310,-0.00190928,0.00098719,-0.00303637,0.00742399,-0.00542149,0.00149843,-0.00432883,0.00227839,-0.00208030,-0.00413647,0.00683859,-0.01079620,0.00157782,0.00206305,0.00803974,-0.00998467,-0.00369254,0.00469889,-0.00122314,0.00559417,0.00543426,-0.00333430,0.00952599,-0.00585609,-0.00149325,0.00138745,-0.00200884,0.00186994,0.00050073,-0.00066338,-0.01830340,-0.00613769,0.00180328,0.00661874,0.02122872,-0.00243810,0.00595796,0.00714129,0.00442257,0.00477693,0.00692171,-0.00797412,0.12654676,-0.00089275,-0.00064662,0.00151753,0.00143241,0.00060539,0.00515273,0.00097374,0.00066322,0.00785500
0.00000000,0.00000000,0.00000000,0.00000000,0.00000000,0.00000000,0.00000000,0.00000000,0.00000000,0.00000000,0.00000000,0.00000000,0.00000000,0.00000000,0.00000000,0.01299378,0.00750027,0.01239309,0.00158445,0.00092448,0.00489169,0.00417802,0.00189135,0.00321506,0.00739548,0.00442315,0.00128604,0.00536105,-0.00099874,-0.00754090,0.01637300,0.00713223,0.00166658,-0.00046411,0.00216621,-0.00302444,0.00806872,0.00284564,-0.01990897,-0.00814460,0.00223909,0.00307660,-0.00348414,-0.00155106,-0.00889124,0.00070729,-0.00549669,-0.00730940,-0.00581561,-0.00155194,0.00132448,0.00790406,-0.00211349,0.00013362,-0.00399123,-0.00213053,0.02625711,0.00295249,0.01111313,-0.00349442,-0.00834952,0.00443403,0.00217591,0.01049245,0.00366766,0.00090526,0.00375106,-0.00346548,0.00590913,-0.00116461,0.00079823,-0.00253478,0.00069307,0.00244117,-0.00074863,0.00484714,-0.00691707,0.01900948,0.00690338,-0.00033847,-0.00094931,0.00352239,0.02717246,-0.00027603,0.00143707,-0.00088923,0.00736981,0.00310622,-0.00011612,0.00247110,0.00845541,-0.00097981,-0.00238125,-0.01350204,0.01135583,-0.02201519,0.00161201,-0.00316965,-0.00102656,-0.00736425,-0.03159497,-0.00150633,0.01098203,0.00220704,-0.00304943,-0.00474012,-0.00264427,-0.00022934,0.01351230,0.00167718,0.00535755,0.00718347,0.00382495,-0.00004652,0.00961682,0.00944906,-0.00506936,0.00157785,-0.00802346,0.00416878,-0.00022759,0.00277293,0.00044035,-0.00362108,0.00863523,-0.05747631,-0.02628285,0.00339765
0.00000000,0.00000000,0.00000000,0.00000000,0.00000000,0.00000000,0.00000000,0.00000000,0.00000000,0.00000000,0.00000000,0.00000000,0.00000000,0.00000000,0.00000000,0.00000000,-0.03896767,0.00857316,-0.00038198,0.00485722,-0.00947335,-0.00102759,0.00604642,-0.00295275,-0.00415392,0.00379414,0.00209837,-0.00205960,0.00007727,0.00141308,0.00946158,0.01561731,0.00296775,-0.00092611,0.00325315,-0.00318859,-0.00961857,-0.00120508,0.00007012,-0.00038271,-0.01775579,-0.00827118,-0.00279923,0.00342670,-0.00001930,0.01013278,0.02075713,0.00087101,0.00344515,-0.00115143,-0.00057564,-0.00294034,0.00445908,-0.00642933,-0.00200900,0.00268258,0.00001386,-0.01311980,0.00154498,0.01367812,-0.00170022,-0.00166392,-0.00523704,-0.00462173,0.00482965,-0.00713477,0.00064577,0.00776212,0.00187784,0.01027854,-0.00622401,-0.00098561,0.00853772,-0.00239373,0.00231949,0.03363838,0.00595461,0.02019314,-0.00157943,-0.00950412,-0.00472048,-0.00208026,0.00241439,-0.00069061,0.00198899,0.00509067,0.00311335,0.00450050,0.00353431,-0.00210754,-0.00221234,0.00541576,-0.00334777,0.00136877,-0.00024225,0.01106647,0.00163419,0.00178124,-0.00053972,0.00308495,-0.00102966,-0.00416478,-0.01615252,-0.00068521,-0.04969290,0.03655415,-0.00595194,0.00439937,-0.00521318,-0.00410914,0.00099728,0.01165596,-0.01659764,-0.01088178,-0.00933630,0.00437583,-0.00828486,0.00380596,0.01645420,0.00399322,-0.00385722,-0.00409707,-0.00248840,0.00132037,0.00072852,0.00472007,0.00276307,-0.00292557
0.00000000,0.00000000,0.00000000,0.00000000,0.00000000,0.00000000,0.00000000,0.00000000,0.00000000,0.00000000,0.00000000,0.00000000,0.00000000,0.00000000,0.00000000,0.00000000,0.00000000,-0.01821039,-0.00681576,-0.00119853,-0.00145694,0.01421492,0.00532593,-0.00724697,0.00837997,-0.01007322,-0.00300815,-0.00155121,-0.00223863,0.00469956,-0.00832529,-0.02358089,0.00190860,0.00155639,-0.00423582,0.00043686,-0.00498833,-0.00356572,0.00032423,-0.00120600,-0.00432574,0.00469932,0.00115667,0.00270056,-0.00083281,0.00061942,0.01459097,-0.00313831,0.00792013,-0.00014773,-0.00368369,-0.01590661,0.00232346,0.00004133,0.00289739,0.00647522,0.00364478,0.00362385,-0.01184192,0.00047592,0.00076319,-0.00384107,0.00932392,-0.01472466,0.00185425,-0.00868317,0.00221537,0.01459371,-0.00996302,0.00418942,0.00392809,0.00287768,-0.00515924,0.00146516,-0.00602054,0.03106782,0.00320548,-0.00150029,0.00461630,0.00771963,-0.00550436,-0.00166823,0.00019646,-0.00128431,-0.00332488,0.00257431,0.02099199,0.00267835,0.00039240,-0.00554755,-0.00058793,-0.00856695,-0.00341988,0.00472080,-0.00535615,0.00477389,-0.00559999,-0.00339054,-0.00461719,0.00120579,-0.00932214,-0.00351451,-0.01025192,-0.00199679,0.00040991,0.01058125,0.00280916,0.00315406,-0.00245338,-0.00116996,0.01746423,0.00562923,-0.00529301,-0.00503046,-0.00757447,0.00097890,-0.00049441,-0.01116994,-0.00695070,-0.00365604,0.01133685,-0.00332224,-0.00159914,0.00274842,-0.00898341,0.01663899,-0.00583602,0.00112331
0.00000000,0.00000000,0.00000000,0.00000000,0.00000000,0.00000000,0.00000000,0.00000000,0.00000000,0.00000000,0.00000000,0.00000000,0.00000000,0.00000000,0.00000000,0.00000000,0.00000000,0.00000000,0.02746160,0.00262995,0.00226952,-0.00136080,0.01598790,0.02453195,0.00822510,-0.02085647,-0.00178700,-0.00069204,-0.00000908,-0.00481899,0.00969926,0.01691048,0.01455997,0.00120687,0.00171418,-0.00005268,-0.00669550,-0.00111609,-0.00162716,0.00230798,0.01687906,-0.00658183,0.00013821,0.00433105,-0.00433769,0.00228760,0.00174288,0.00037886,-0.00811330,-0.00390784,-0.00036386,-0.01409541,-0.01736712,-0.00186165,-0.01061156,0.00856494,0.00080778,-0.00038174,0.00427002,0.00480965,-0.00493465,0.01035932,-0.00028344,-0.00753635,-0.00106154,0.00684679,-0.00271894,0.01298947,-0.00719798,-0.00539826,0.00062012,-0.00024717,-0.01873032,-0.01433986,0.00068695,-0.00374747,-0.01036889,0.01151362,0.00464774,-0.00176573,-0.00283324,-0.00971553,0.01146432,-0.00169416,-0.01049828,-0.00710265,-0.00569370,0.00424520,0.00131704,0.00302456,0.00177749,-0.00526515,-0.00131622,-0.00000989,-0.00997188,-0.00088425,-0.01200625,0.01339014,-0.00511282,0.00185290,-0.00784397,0.00636337,0.00226293,0.01471653,-0.00902698,0.01192870,0.00054136,-0.00234343,-0.00185969,-0.01354948,-0.00581200,-0.00618587,0.00089658,0.00281693,0.00190310,-0.00744600,0.00382135,-0.01375763,0.00847153,-0.01469590,0.01684915,0.01414005,0.02923326,0.07144933,0.00113194,0.00549816,-0.00935227,0.00104790
0.00000000,0.00000000,0.00000000,0.00000000,0.00000000,0.00000000,0.00000000,0.00000000,0.00000000,0.00000000,0.00000000,0.00000000,0.00000000,0.00000000,0.00000000,0.00000000,0.00000000,0.00000000,0.00000000,0.05585983,0.01611722,-0.00088989,-0.00172940,-0.00475813,-0.01076145,0.01033230,-0.01791690,-0.00244197,-0.01550634,-0.00331862,-0.01387088,0.01552405,-0.00377318,-0.00998010,0.00086945,0.00982081,-0.02225389,-0.01213571,0.00890954,-0.00784981,-0.01200043,-0.00138354,0.00777786,-0.01222119,0.00009037,0.00077791,0.00696672,-0.00146552,0.00794904,0.00412438,-0.00319604,-0.00409244,-0.01222038,0.01183501,-0.01961243,-0.00838186,-0.00103357,-0.00096245,-0.00530876,0.00113177,-0.00025393,-0.03072423,0.00016111,-0.01070877,-0.00246839,0.01244242,-0.01455271,0.00341087,-0.00481409,-0.00373187,-0.00305322,-0.00211758,-0.00309008,0.00213092,-0.00062148,0.01048561,-0.02713421,-0.00307325,0.00840454,-0.00150779,0.00101804,0.01308512,-0.00201614,-0.00327267,0.01145323,0.01295094,-0.00114067,-0.00187550,-0.00433144,0.00955655,0.00215208,-0.00936303,0.00988739,-0.00219598,0.01047412,0.01093604,0.00433141,0.01980505,-0.00692203,-0.00702480,0.00423610,0.00130698,0.00014028,0.04226930,-0.01088749,-0.00706590,-0.01489830,-0.01545815,0.01496145,0.00739547,-0.00189334,0.01620784,-0.00195200,-0.01087250,-0.01323812,0.00223095,0.01952264,0.01052783,-0.00590845,-0.01796604,0.02931336,-0.00935970,-0.01865188,-0.01324750,0.00378955,-0.00933150,0.00044902,0.00241432
0.00000000,0.00000000,0.00000000,0.00000000,0.00000000,0.00000000,0.00000000,0.00000000,0.00000000,0.00000000,0.00000000,0.00000000,0.00000000,0.00000000,0.00000000,0.00000000,0.00000000,0.00000000,0.00000000,0.00000000,-0.00086185,-0.01073398,-0.01483415,0.01834046,-0.00281859,-0.00622383,0.00851412,-0.00128409,0.00040981,-0.00267476,0.01191690,-0.00364950,-0.01167982,0.00087524,-0.00252801,-0.00378593,-0.00104920,0.00196222,-0.00367040,0.00700243,-0.00306771,0.00994329,-0.00441484,0.00964114,-0.01137751,-0.00683640,0.00988780,0.00572016,0.00601073,0.00564190,0.00074419,-0.00954934,0.00504153,0.00116280,0.01234807,0.00399190,0.01489007,0.00297368,0.00500904,-0.00817878,0.01629344,0.00955109,0.01287630,-0.01062693,-0.01244001,-0.00887355,-0.00553751,0.00982551,0.01443741,0.00544214,-0.00179426,-0.00054782,0.00557096,-0.03408287,-0.00461005,-0.00419460,0.01535006,0.02033248,0.00485199,0.00428836,0.00380448,-0.00038755,-0.00193007,-0.04953087,-0.00598535,0.00060130,-0.00646819,-0.00413194,-0.01081974,-0.00554026,0.00326730,0.01250211,-0.00367134,0.00499978,-0.00228029,-0.00157632,0.00282135,0.00360364,-0.00078065,0.00647010,0.00111773,0.02460000,0.01611765,0.00053975,0.00293977,0.00035893,0.01855503,0.00189001,-0.01919132,0.01156515,-0.00773001,-0.01348644,0.00881480,0.00859353,-0.00753791,0.00033410,-0.02294698,0.00233138,0.00563414,-0.00096411,0.00795527,0.00651339,0.00521427,-0.01995260,-0.00608674,0.00277891,-0.00894949,0.00513222
0.00000000,0.00000000,0.00000000,0.00000000,0.00000000,0.00000000,0.00000000,0.00000000,0.00000000,0.00000000,0.00000000,0.00000000,0.00000000,0.00000000,0.00000000,0.00000000,0.00000000,0.00000000,0.00000000,0.00000000,0.00000000,0.09866455,-0.00523465,0.00165768,-0.00139085,0.00086582,0.00475517,-0.00247684,-0.00719184,0.00746869,-0.01300446,-0.00176665,0.00238840,0.00602543,-0.01082245,0.01149583,-0.00541250,-0.00484157,-0.00903700,0.00514057,0.00822767,0.00252667,-0.00465916,-0.00515473,0.00569624,-0.07564610,-0.02336296,0.00893816,-0.01051396,0.00387504,0.01045056,-0.01427075,0.00587491,0.00563797,0.00544526,0.01230118,0.00125260,-0.00901914,-0.00957511,-0.06419712,0.00137661,-0.00287015,-0.01827937,-0.00876553,-0.00174648,-0.00619847,-0.00147477,0.00771750,0.02135457,0.01057575,0.00563927,0.00800854,-0.00245828,0.00086670,0.02095051,-0.00094216,0.01653392,0.01280599,-0.00761001,-0.00025058,0.01167834,-0.00321913,0.00631523,-0.00143047,-0.01390082,0.00154200,0.00173579,-0.02269393,-0.00598073,-0.00936581,0.00053233,-0.00552235,0.00495790,-0.01953488,-0.00460625,-0.00211129,-0.00513971,0.01985906,-0.00416345,0.00670744,-0.00661553,-0.00478973,0.01678240,-0.00988201,-0.00422558,0.00396782,-0.00589419,0.00563951,0.00592929,-0.01876583,-0.00945735,-0.00108432,-0.00746475,-0.00319759,-0.00836242,-0.00206998,0.00122288,0.01414655,-0.03954640,-0.00237510,0.00750060,-0.00222033,0.00052523,0.00225363,-0.00740256,-0.00223793,0.00574031,0.00561941
0.00000000,0.00000000,0.00000000,0.00000000,0.00000000,0.00000000,0.00000000,0.00000000,0.00000000,0.00000000,0.00000000,0.00000000,0.00000000,0.00000000,0.00000000,0.00000000,0.00000000,0.00000000,0.00000000,0.00000000,0.00000000,0.00000000,0.03239873,0.00778534,-0.00318897,-0.00202613,0.00934941,0.00034404,0.00147214,-0.00232946,-0.02855520,0.00608223,-0.02147532,0.00137503,-0.07276543,0.00547513,-0.00090096,-0.00826925,0.00705310,0.01003686,0.00994853,0.00736519,-0.00532093,-0.00567009,-0.06653038,0.00735569,0.01906009,-0.00220835,0.02358442,-0.00158094,-0.00246680,0.00600336,0.00486419,-0.00181644,0.00015211,0.00243338,-0.00596686,-0.00072408,-0.02117735,0.03137252,0.00332951,-0.00675127,-0.00066112,-0.00969499,0.00534220,0.00188028,-0.00345673,-0.00226475,0.00058907,0.00144292,0.00380733,0.00814925,0.00905543,0.00031024,0.05363348,0.00268752,0.01463050,-0.01247839,-0.00131748,-0.00038581,-0.00307542,-0.00650782,0.00499575,-0.00892923,0.01663481,-0.00751371,0.01611637,0.00156832,-0.00251595,-0.00093365,0.01489686,-0.00427203,0.00243466,0.00774861,0.00025509,0.00001226,0.00060661,-0.00593572,0.00310206,-0.00542850,0.00617137,0.00201469,-0.02106066,-0.00123160,0.00186365,-0.00304635,-0.01209859,-0.00241517,-0.02929143,-0.00369564,0.00963852,-0.02153374,0.00325047,-0.01004616,0.00186640,-0.00514827,0.01207862,0.00759770,0.00522222,0.00276229,-0.00538154,0.00037340,0.00159237,-0.00105302,0.00720849,-0.00334272,0.00121377,0.01037726
0.00000000,0.00000000,0.00000000,0.00000000,0.00000000,0.00000000,0.00000000,0.00000000,0.00000000,0.00000000,0.00000000,0.00000000,0.00000000,0.00000000,0.00000000,0.00000000,0.00000000,0.00000000,0.00000000,0.00000000,0.00000000,0.00000000,0.00000000,-0.06289258,0.01061903,-0.01536422,-0.00140751,-0.00265050,-0.00532020,-0.00107495,0.01348679,0.01935551,0.00328350,0.00309752,0.00229586,0.00078455,-0.00078761,-0.00085464,-0.00603395,0.00279207,0.01541150,-0.00109872,0.00106813,0.00405423,-0.00243480,0.00694004,0.00594422,0.00428434,-0.00552963,-0.00010564,-0.00128606,-0.01528270,-0.00380391,0.00103615,0.04048543,-0.01664994,-0.00671718,0.00213503,0.00772597,0.00686801,0.01522505,0.00010744,-0.00183469,-0.01164199,-0.01133470,0.00129054,0.00105046,0.00838446,0.00191673,-0.00291482,0.00282993,-0.00251059,-0.01138752,0.01436497,0.00221422,-0.00618424,0.00983551,0.01532578,0.00116860,0.00622251,-0.00121878,0.00128544,0.01395545,0.01976364,-0.00946957,0.00589479,-0.00847622,0.00883224,-0.01448623,-0.00108736,0.00517093,0.03004370,-0.00250767,0.00297763,0.00176821,-0.00008390,-0.00435590,0.02203119,-0.00192822,0.00689691,-0.01297188,0.01663213,0.00534809,0.00086113,-0.00712372,0.01277316,0.00298029,-0.00195738,-0.01272217,0.00356387,-0.00286758,-0.02136048,-0.01772178,-0.00359513,-0.00279738,-0.00740129,-0.00547721,-0.00361325,0.01046604,-0.00905083,0.01679566,-0.00866308,0.00983230,-0.03489902,0.00243408,0.00703906,-0.01124019,-0.00115349
0.00000000,0.00000000,0.00000000,0.00000000,0.00000000,0.00000000,0.00000000,0.00000000,0.00000000,0.00000000,0.00000000,0.00000000,0.00000000,0.00000000,0.00000000,0.00000000,0.00000000,0.00000000,0.00000000,0.00000000,0.00000000,0.00000000,0.00000000,0.00000000,0.12803762,-0.01008877,0.00086595,-0.00239517,-0.00495222,0.00156901,-0.00972731,0.00052712,0.00176998,0.00189610,0.00478784,0.00018571,-0.00076105,0.00665220,-0.00344270,-0.00422349,-0.00972014,-0.00138092,-0.05188648,-0.00286787,-0.00042996,-0.00627074,-0.00036703,0.01336063,-0.00247097,-0.00412598,0.00030705,-0.00923672,-0.00506988,-0.00084828,0.00185647,0.00218039,-0.00723230,0.01516883,0.00251462,-0.01188931,0.00585648,-0.00250188,-0.00389192,0.01048933,-0.00337349,-0.00804250,-0.00030538,0.00839244,-0.00455489,-0.01918140,-0.00187089,-0.00161211,-0.00154867,0.00357421,-0.00322522,0.00189183,-0.00223100,-0.01610137,0.01313386,-0.00216305,-0.00601734,0.00048605,-0.00050363,0.00347409,0.00189742,-0.01178813,0.00710238,-0.00951086,-0.00787969,-0.00451044,-0.00389385,-0.00792918,0.00082970,0.00133894,0.02808088,0.00248776,-0.00684745,-0.01551427,-0.00023060,0.00159911,-0.00334051,0.00815063,0.02328645,-0.00449693,0.00881093,-0.01458076,0.00815822,0.00322603,-0.00774586,-0.00363797,-0.00428620,-0.00148848,-0.00214000,0.01503579,0.00003345,0.01363276,0.00749863,-0.01078519,-0.00421694,0.00346519,0.00477088,0.00072966,-0.00366578,-0.00549023,0.00616404,-0.03347378,-0.00060088,-0.00261201
0.00000000,0.00000000,0.00000000,0.00000000,0.00000000,0.00000000,0.00000000,0.00000000,0.00000000,0.00000000,0.00000000,0.00000000,0.00000000,0.00000000,0.00000000,0.00000000,0.00000000,0.00000000,0.00000000,0.00000000,0.00000000,0.00000000,0.00000000,0.00000000,0.00000000,-0.07291526,-0.01741143,0.02825266,-0.00335638,-0.01017254,-0.00799172,-0.00293202,-0.00116060,-0.00472905,0.00736448,0.00183045,0.21112473,-0.00404757,-0.00495165,-0.01284394,-0.00799780,0.00080532,-0.00155245,-0.00638957,-0.00701989,-0.00046085,0.00557542,0.00421155,-0.00372988,0.02469157,-0.00407793,0.08506501,0.03206388,-0.01142752,-0.00200707,-0.00318439,-0.00713614,-0.00451266,-0.00612497,0.00320435,-0.01077009,0.00278566,-0.00896697,-0.01680219,-0.00244229,-0.00821972,-0.00316371,0.03408948,-0.01088724,-0.01155293,-0.00546571,-0.00603066,0.00745364,-0.00427021,-0.00769597,-0.00479469,0.00131523,0.01406206,-0.00839602,-0.00501012,-0.00222687,-0.00877030,-0.02433967,-0.00531677,-0.00182117,0.00489628,-0.01239380,-0.00230442,-0.00495856,-0.00656662,-0.00818076,-0.02092827,-0.01254782,-0.00641831,-0.01645397,-0.00282391,0.00491398,0.00605108,-0.00176071,-0.00187122,-0.01052949,-0.01048618,0.00679677,0.02579908,-0.00562871,-0.00241251,0.01082376,0.00198584,-0.02711962,-0.01057181,-0.01930510,-0.00313235,0.00081257,0.00507090,-0.00835756,0.21958764,-0.01304726,0.05856949,0.00018650,0.00948694,0.02771192,-0.00125385,-0.00383474,-0.00185524,-0.01588410,-0.00055028,-0.00531816,-0.00892624
0.00000000,0.00000000,0.00000000,0.00000000,0.00000000,0.00000000,0.00000000,0.00000000,0.00000000,0.00000000,0.00000000,0.00000000,0.00000000,0.00000000,0.00000000,0.00000000,0.00000000,0.00000000,0.00000000,0.00000000,0.00000000,0.00000000,0.00000000,0.00000000,0.00000000,0.00000000,0.03335052,0.00705374,-0.01291872,0.00177368,-0.02504507,-0.00228782,-0.00405339,-0.00337687,-0.00158252,-0.01450492,-0.00175457,-0.00838896,-0.00245764,-0.01025668,-0.01138596,-0.00074778,0.00100810,0.00384887,-0.01073707,0.00178570,0.02246591,-0.00850407,-0.01250155,-0.00312775,-0.00451146,-0.00832028,-0.00884780,0.03865188,-0.00449957,-0.00000067,0.00148352,-0.00203650,-0.02786345,0.00307635,-0.00728935,-0.00337355,-0.00328551,0.00740262,-0.00711472,-0.00286482,0.00143273,0.00131471,0.00072530,0.00621349,-0.00447833,0.00211716,0.03496083,0.00190246,0.00696078,-0.00504502,-0.00109259,0.01370004,0.00742825,0.02494067,0.01463401,-0.00073176,0.00694447,0.00026765,-0.01516005,0.00551012,0.00299142,0.00329925,0.00157846,-0.00149156,-0.00045809,-0.01331530,-0.00573513,0.00376424,-0.00198009,-0.00304864,0.00108032,0.00299843,0.00266560,0.00169470,-0.00599281,-0.00372880,-0.00386111,0.00721855,-0.01009610,-0.00747359,0.00120039,-0.00502562,0.00695563,-0.00067869,-0.00034774,0.00051273,-0.00502733,-0.00050394,0.00747681,-0.01363747,0.00526477,0.02440870,0.01528759,0.00638691,-0.00540657,-0.00575192,-0.00228669,0.00032829,0.00259949,0.00355528,0.00372553,-0.00014585
0.00000000,0.00000000,0.00000000,0.00000000,0.00000000,0.00000000,0.00000000,0.00000000,0.00000000,0.00000000,0.00000000,0.00000000,0.00000000,0.00000000,0.00000000,0.00000000,0.00000000,0.00000000,0.00000000,0.00000000,0.00000000,0.00000000,0.00000000,0.00000000,0.00000000,0.00000000,0.00000000,0.02045375,-0.00383971,-0.00072182,0.00044393,0.00146512,0.00024922,-0.00498898,-0.00170358,0.00132489,-0.01179935,0.00904906,-0.00013553,-0.00001824,-0.00014398,0.00145909,0.00620543,-0.00293830,-0.00869346,0.00311244,0.00022877,-0.00971546,-0.00403553,0.00540558,-0.00041919,-0.01207538,0.00386989,0.00492196,0.00428291,0.00318360,0.00511706,0.00908027,0.00498432,-0.00136128,-0.00926620,-0.00382164,0.00273306,-0.00831490,-0.00072225,-0.00742278,0.00126509,-0.00414652,0.00365423,0.02355663,-0.00433802,-0.00124435,-0.00559791,-0.00181286,0.00216004,-0.00376891,-0.00098180,0.02984474,0.00393440,-0.00254600,-0.00991603,0.00033995,-0.00130813,-0.00364781,0.00662549,0.00208305,0.00058760,-0.00251236,-0.00197336,-0.00645718,-0.00021652,0.00026064,-0.00460830,-0.00291994,-0.00006227,-0.00455185,-0.00324224,-0.00223411,-0.00791894,-0.00118529,-0.00430930,-0.00100712,-0.00322794,-0.01424557,0.06464108,-0.00875355,-0.00033342,0.00016769,-0.00380215,0.00049909,0.00161091,0.00175567,0.00121617,-0.01535421,-0.00453958,0.00314181,-0.00734521,-0.00710066,-0.00335430,0.00137359,0.00150409,-0.00186612,-0.00371950,0.00326774,-0.00061497,0.00132769,-0.00269801,-0.00163797
0.00000000,0.00000000,0.00000000,0.00000000,0.00000000,0.00000000,0.00000000,0.00000000,0.00000000,0.00000000,0.00000000,0.00000000,0.00000000,0.00000000,0.00000000,0.00000000,0.00000000,0.00000000,0.00000000,0.00000000,0.00000000,0.00000000,0.00000000,0.00000000,0.00000000,0.00000000,0.00000000,0.00000000,0.04286996,0.00092699,-0.02203805,-0.00439434,-0.00048671,0.01150318,-0.00284090,0.00354646,-0.01094914,0.00099974,0.00057949,0.00180135,-0.00960720,0.00005649,-0.00034393,-0.00236448,-0.00334111,0.00248967,-0.00162911,0.00423493,-0.00639689,0.01071622,0.00479502,-0.00985318,0.01110006,0.01362832,-0.01360635,0.00073614,-0.00266476,-0.00397031,0.00440421,-0.00099611,0.00019876,-0.00037623,0.00265945,-0.00400427,-0.00053357,-0.01036504,-0.00762691,-0.02394409,0.00275806,0.00469272,0.00015790,0.00178718,-0.02422648,-0.00025527,0.00084106,-0.00216209,-0.00690466,0.00424768,-0.00207912,-0.00048385,0.00700620,0.00058315,0.00735511,-0.00060371,-0.00535575,0.00546405,-0.00566536,-0.00156511,-0.00237894,0.00583923,0.00466337,-0.00378385,0.01304015,0.00375267,-0.00046826,0.00566393,-0.05432850,-0.00089883,0.05312824,-0.00503115,-0.00117674,-0.00588619,0.00439595,-0.01876215,-0.00454033,-0.00110029,-0.00503442,-0.07029882,0.00599626,-0.00352086,-0.00012102,0.00501322,-0.00484004,-0.00134242,0.01009669,-0.00776163,0.00438848,-0.01236680,-0.00522880,0.03636795,0.03645301,-0.01627078,-0.01043294,0.00063473,-0.01204998,-0.00133837,-0.00277396,0.00740560
0.00000000,0.00000000,0.00000000,0.00000000,0.00000000,0.00000000,0.00000000,0.00000000,0.00000000,0.00000000,0.00000000,0.00000000,0.00000000,0.00000000,0.00000000,0.00000000,0.00000000,0.00000000,0.00000000,0.00000000,0.00000000,0.00000000,0.00000000,0.00000000,0.00000000,0.00000000,0.00000000,0.00000000,0.00000000,0.02497868,-0.00375356,-0.00323571,-0.00655120,-0.00694325,-0.00621129,-0.00191864,-0.00637588,-0.00581217,-0.00195288,-0.00382401,0.00427272,-0.00055290,-0.00080267,-0.00188592,0.00201092,0.00422812,0.00221427,0.00079200,-0.00511436,0.00035036,-0.00834060,-0.00617187,-0.00029491,-0.00462605,-0.00050358,-0.00221993,-0.00167105,0.00211474,0.00711762,-0.00141585,0.00212750,0.00032824,0.01373221,-0.00005347,-0.00242483,-0.00281777,-0.00678524,-0.00228030,-0.01013196,-0.00543640,-0.00127677,-0.00093682,0.00035507,0.00023430,-0.00496681,-0.00061000,0.00126606,0.00005550,0.01028471,-0.00093365,-0.00786951,0.00191759,0.01525671,0.00234968,0.00495643,-0.00151193,-0.00270073,-0.00333826,-0.00403401,0.00363983,0.00352803,0.00074686,-0.03438103,-0.03594087,-0.00281788,0.00406192,0.00199269,-0.00281495,0.00389737,-0.00948639,0.00461527,0.00283455,0.01262825,0.00346808,-0.00030863,-0.00870084,0.00119738,-0.00304523,0.01083500,-0.00167976,-0.01202699,-0.00013290,0.00340221,-0.00243603,-0.00158404,-0.01215069,0.00652428,-0.00114174,0.00167774,0.00168501,-0.00291501,-0.00100381,-0.00120725,-0.00153328,-0.00215743,0.00119009,-0.00430514,0.00907515
0.00000000,0.00000000,0.00000000,0.00000000,0.00000000,0.00000000,0.00000000,0.00000000,0.00000000,0.00000000,0.00000000,0.00000000,0.00000000,0.00000000,0.00000000,0.00000000,0.00000000,0.00000000,0.00000000,0.00000000,0.00000000,0.00000000,0.00000000,0.00000000,0.00000000,0.00000000,0.00000000,0.00000000,0.00000000,0.00000000,0.00085600,-0.00608332,-0.02355902,0.02175339,-0.01951472,0.00822600,-0.01110320,0.00645067,-0.01118845,0.00225570,-0.02004664,0.00144729,-0.00180708,-0.00104512,-0.00906161,0.00003416,0.00658938,-0.00381310,-0.01527668,-0.00673478,0.00006856,-0.00285209,0.01158441,-0.02088790,0.00568091,0.00270523,-0.00236871,-0.01657976,-0.09475014,-0.00248925,-0.00760656,-0.01409067,0.01626322,0.01728837,-0.01108774,-0.00956833,-0.00076433,-0.01539912,0.01447618,0.00613064,0.01000013,0.01822464,-0.02002480,0.00666029,0.00288496,-0.00383368,0.01831739,0.02386577,-0.02679541,0.00291425,0.00727823,-0.00056407,-0.00213284,0.01466834,-0.00823959,0.01236997,0.00708485,-0.01181799,0.01411822,-0.00011268,-0.00385248,-0.01611301,0.00726824,-0.00486461,-0.00322589,0.01739201,-0.00960488,-0.00216996,0.02069499,0.00741297,-0.01223562,0.00074575,-0.00498774,-0.06309570,-0.01499586,0.00595764,0.11101845,0.01512985,-0.04251376,0.02445451,-0.00564198,0.01272097,-0.00845381,-0.00889646,-0.00551167,0.00907004,0.01470177,0.02749900,-0.00344345,0.00111011,-0.00443886,-0.00297398,0.00297761,0.00716303,0.00066614,-0.00051046,0.00776021,-0.00102611
0.00000000,0.00000000,0.00000000,0.00000000,0.00000000,0.00000000,0.00000000,0.00000000,0.00000000,0.00000000,0.00000000,0.00000000,0.00000000,0.00000000,0.00000000,0.00000000,0.00000000,0.00000000,0.00000000,0.00000000,0.00000000,0.00000000,0.00000000,0.00000000,0.00000000,0.00000000,0.00000000,0.00000000,0.00000000,0.00000000,0.00000000,-0.00840077,0.00636498,0.00026040,0.00305547,-0.00064912,0.00108056,0.00763175,0.00220699,-0.01061827,0.01019877,-0.00430640,-0.00009467,-0.00141998,-0.00422053,0.00262072,0.00716860,-0.00555338,0.00317544,0.00477412,-0.00136169,-0.00947553,-0.00369366,-0.00762815,-0.00585918,-0.00168801,0.00864520,0.01027298,0.01383482,0.00216231,-0.00043495,0.00935500,0.00011561,-0.01228675,0.00242813,-0.00062357,-0.00056576,0.01051900,-0.00221986,-0.00259796,0.00278784,-0.00163927,0.00784168,-0.00150970,0.00124865,0.02289758,0.00371030,-0.01047955,-0.00148192,-0.00398753,-0.00719313,0.00095597,-0.00646071,-0.00109409,-0.00719461,-0.00643484,-0.01115413,-0.00139576,-0.00406389,-0.00004817,-0.00089140,-0.00330316,-0.00549816,-0.00028206,-0.00688172,-0.00047747,0.00256997,-0.01144462,-0.00474708,0.00076882,-0.00685843,0.00661523,0.01115886,-0.00465629,-0.00692883,0.01311865,-0.00783422,-0.00168673,-0.00626263,-0.00212942,-0.00266992,0.00745838,0.00367950,-0.00711607,-0.00050545,0.01148403,-0.01392102,-0.01237913,0.01104357,0.00636710,0.00473696,-0.00277455,-0.00198430,0.00063420,0.00763782,-0.00015822,0.00797460,-0.00401165
0.00000000,0.00000000,0.00000000,0.00000000,0.00000000,0.00000000,0.00000000,0.00000000,0.00000000,0.00000000,0.00000000,0.00000000,0.00000000,0.00000000,0.00000000,0.00000000,0.00000000,0.00000000,0.00000000,0.00000000,0.00000000,0.00000000,0.00000000,0.00000000,0.00000000,0.00000000,0.00000000,0.00000000,0.00000000,0.00000000,0.00000000,0.00000000,0.05951319,-0.00035028,0.02451979,0.00039647,-0.00807934,-0.00584530,0.00772901,0.00634427,-0.00553215,0.00456161,-0.00301041,0.00000753,0.02540736,0.01322870,0.01024766,-0.00579254,0.00920522,-0.00367525,0.00229633,0.00590320,0.00369194,-0.00627311,0.00195533,-0.01128389,-0.01151438,-0.00180688,-0.00686759,0.01624532,-0.02835258,-0.00841668,-0.01514548,0.00130995,-0.03435877,-0.00533583,-0.00199722,-0.00207408,0.01223416,0.00224061,0.00487320,0.04037867,0.00566596,-0.01198062,0.00892249,0.00174887,0.00340074,-0.01059599,-0.00044078,-0.00161068,-0.00611124,-0.00818732,-0.00174811,0.00059777,0.01895056,-0.00449775,0.00979427,-0.00177916,-0.00208691,-0.00436356,0.00566976,-0.02417483,0.00129257,-0.00454928,-0.00422216,0.00684955,-0.00012753,-0.00730831,0.00056043,-0.01815489,0.00088460,-0.00228820,-0.02611611,-0.00497097,-0.00067649,-0.00193426,-0.01534845,-0.00275868,-0.00108168,0.02709897,0.00991937,-0.02039796,-0.00120582,-0.00903841,0.00383658,-0.00353754,0.01431865,0.00154423,-0.00575456,0.00143310,-0.00544329,0.00075104,0.00467175,-0.00251070,0.00860293,0.00060379,-0.00491747,0.00424915
0.00000000,0.00000000,0.00000000,0.00000000,0.00000000,0.00000000,0.00000000,0.00000000,0.00000000,0.00000000,0.00000000,0.00000000,0.00000000,0.00000000,0.00000000,0.00000000,0.00000000,0.00000000,0.00000000,0.00000000,0.00000000,0.00000000,0.00000000,0.00000000,0.00000000,0.00000000,0.00000000,0.00000000,0.00000000,0.00000000,0.00000000,0.00000000,0.00000000,-0.07303653,0.00191576,0.00038436,-0.00359973,-0.00038612,0.00013056,-0.00531913,0.00136270,0.00404843,0.00095191,-0.00513552,-0.00037701,-0.00163204,0.00386511,0.00525511,0.00466633,-0.00238827,-0.00874082,0.02170478,0.03898712,-0.03618446,0.00030156,0.00193006,0.00057806,0.00262241,0.00029359,0.00181624,-0.00004166,-0.00505805,-0.00238740,-0.00948071,0.00015482,-0.00547071,0.00554227,-0.01445443,-0.00539726,0.00061740,-0.00346667,-0.00019535,0.02220624,0.00117745,0.00027794,-0.00386588,-0.00040276,-0.00288253,0.00212895,-0.00302479,-0.00636387,-0.00436653,-0.01357940,-0.00017452,-0.00027729,-0.00197080,0.00431651,-0.00121205,0.01029206,0.00004714,-0.00458056,-0.00420308,-0.00156568,-0.00454751,0.00258209,0.00252934,-0.00231130,0.00325129,0.07755101,0.00065219,0.00078008,0.00319822,0.00252838,0.00264889,-0.00273011,-0.00160806,0.01102602,0.00444044,-0.00174935,-0.00144041,0.01167047,-0.00123496,-0.00000442,0.00118852,0.00704585,0.00298233,0.00423115,0.02422967,0.00501619,-0.00928649,-0.01815149,0.00524269,0.00118333,-0.00114143,-0.00183128,0.00442858,-0.00396718,-0.00272948
0.00000000,0.00000000,0.00000000,0.00000000,0.00000000,0.00000000,0.00000000,0.00000000,0.00000000,0.00000000,0.00000000,0.00000000,0.00000000,0.00000000,0.00000000,0.00000000,0.00000000,0.00000000,0.00000000,0.00000000,0.00000000,0.00000000,0.00000000,0.00000000,0.00000000,0.00000000,0.00000000,0.00000000,0.00000000,0.00000000,0.00000000,0.00000000,0.00000000,0.00000000,0.08451557,0.00071650,-0.00453068,-0.00302254,-0.00466004,0.00437733,0.00794212,-0.00039160,0.00104696,0.00129060,-0.03132360,0.00000461,0.00643814,0.00325602,-0.01229413,0.00207661,-0.00273886,-0.00380723,0.00035222,0.00264658,0.00207171,0.00123111,-0.00394536,0.00133686,0.00113033,0.00379929,-0.01818048,0.00076312,-0.04528675,0.00262240,-0.01035448,-0.00281806,0.00542588,-0.00140607,-0.00413623,-0.00219965,-0.00082386,-0.00569463,0.00404363,0.00251197,-0.06776756,0.00080207,0.00606602,0.01512265,0.01140019,0.00243454,0.00608437,-0.00498693,-0.00899269,-0.00483295,-0.00041880,-0.00094314,-0.00322024,0.01121532,-0.00138565,0.00075926,0.00889189,0.01658260,-0.00443805,-0.01762430,-0.00109914,0.00335323,-0.00211656,-0.00567440,-0.00162344,0.00197140,-0.00060443,0.00521478,-0.00718468,-0.00204810,-0.00364549,-0.00712634,-0.00093273,0.00311919,0.00033898,-0.01013789,0.00190532,0.00190991,0.00084015,0.00155313,-0.00471113,0.00220696,-0.00019717,0.00395332,-0.01369039,0.00143858,0.00366997,0.00246560,0.00009285,-0.00201723,-0.00094516,0.00357449,-0.00314365,0.01091275
0.00000000,0.00000000,0.00000000,0.00000000,0.00000000,0.00000000,0.00000000,0.00000000,0.00000000,0.00000000,0.00000000,0.00000000,0.00000000,0.00000000,0.00000000,0.00000000,0.00000000,0.00000000,0.00000000,0.00000000,0.00000000,0.00000000,0.00000000,0.00000000,0.00000000,0.00000000,0.00000000,0.00000000,0.00000000,0.00000000,0.00000000,0.00000000,0.00000000,0.00000000,0.00000000,0.00261443,-0.02526570,0.01233819,0.00552371,-0.00282262,0.02480783,0.00447742,-0.00169079,-0.04073519,0.00424715,-0.00693382,-0.00455206,0.00459960,-0.03385925,0.01704860,-0.00056721,0.02706179,0.01460526,0.00760481,0.00339901,0.00336026,-0.00587484,0.01426733,-0.01591650,-0.00568977,0.00522655,-0.00853169,0.00287143,0.03029334,-0.00383561,-0.00518683,0.00926373,-0.00031453,-0.01451864,0.00745647,-0.00544028,0.00143118,0.00098045,0.00109641,-0.00231866,-0.00693179,0.01561728,0.01044265,0.00132395,0.00005687,-0.01134479,-0.00182946,-0.00107160,-0.00105314,0.00620807,-0.00077247,0.00503854,0.00366916,0.00227332,-0.00364894,-0.00176400,0.01396335,-0.00622366,0.00317253,-0.00998612,-0.00226244,-0.00391747,-0.00402207,-0.01943597,0.00331487,0.00039497,0.00078248,0.00954635,-0.01386929,-0.00318161,0.00216106,0.01421355,0.00259451,-0.00728605,-0.00637568,-0.00219967,-0.00324710,-0.01233533,0.00412843,0.00963960,0.01272336,-0.00270058,0.01597060,0.01010074,0.00282230,-0.01310353,-0.00086221,0.00776805,0.00823536,-0.00710358,0.00165863,-0.00099714,0.00114033
0.00000000,0.00000000,0.00000000,0.00000000,0.00000000,0.00000000,0.00000000,0.00000000,0.00000000,0.00000000,0.00000000,0.00000000,0.00000000,0.00000000,0.00000000,0.00000000,0.00000000,0.00000000,0.00000000,0.00000000,0.00000000,0.00000000,0.00000000,0.00000000,0.00000000,0.00000000,0.00000000,0.00000000,0.00000000,0.00000000,0.00000000,0.00000000,0.00000000,0.00000000,0.00000000,0.00000000,-0.06735233,-0.00909832,-0.00644344,-0.00747240,-0.00052514,-0.00640317,-0.00474758,-0.00498147,-0.00599254,-0.00003344,-0.00221503,-0.03149100,-0.01602829,-0.01476641,-0.00555715,0.20236732,0.03361025,-0.00219749,-0.00310033,0.00019853,-0.00612206,0.00752793,0.01046911,-0.00283770,-0.00419746,-0.00699627,0.00054160,-0.00565662,-0.00333680,-0.01493007,-0.01172324,-0.02035522,-0.00751542,0.00251588,-0.00516213,-0.00377595,-0.00954764,-0.00350700,0.00037764,-0.01071161,-0.00063019,-0.00396983,0.01661434,0.00203855,-0.01303522,-0.00187506,-0.00375285,-0.00343664,-0.00951756,-0.01477945,-0.00132277,-0.00704562,-0.01048573,-0.00984770,-0.00574542,-0.00995603,-0.00462855,-0.00713828,-0.00898674,-0.00376655,-0.01328533,0.01548181,-0.01712460,-0.00081527,-0.01007117,-0.00110281,0.00292953,-0.02548363,-0.00067456,-0.00968450,-0.02101405,-0.00035934,0.00312490,-0.00342083,-0.00377988,-0.01417683,-0.00689139,-0.00273422,0.00177372,0.14306113,0.01094639,0.00120322,-0.01854384,-0.00831353,0.00248220,-0.00558482,-0.00513963,-0.00448764,0.00189431,0.00234050,0.00416978,-0.00583474
0.00000000,0.00000000,0.00000000,0.00000000,0.00000000,0.00000000,0.00000000,0.00000000,0.00000000,0.00000000,0.00000000,0.00000000,0.00000000,0.00000000,0.00000000,0.00000000,0.00000000,0.00000000,0.00000000,0.00000000,0.00000000,0.00000000,0.00000000,0.00000000,0.00000000,0.00000000,0.00000000,0.00000000,0.00000000,0.00000000,0.00000000,0.00000000,0.00000000,0.00000000,0.00000000,0.00000000,0.00000000,0.10323197,0.00456975,0.00264609,-0.01390305,0.01180067,0.01163715,0.00498058,0.00141180,0.00469203,0.00969922,0.00388446,0.01169888,-0.00485650,0.00106412,-0.00987941,-0.00645262,-0.00933192,-0.00365848,0.00398648,-0.00182380,-0.00054852,-0.01641554,0.01075589,-0.00112313,-0.00166817,-0.00164647,-0.00729095,-0.00348116,-0.00360081,-0.00476061,0.00759370,-0.00240864,0.00061244,-0.03955023,0.00019873,0.00366045,-0.00267266,0.00133975,0.00448364,-0.00399033,0.01086576,0.00316251,-0.00102270,-0.00031419,-0.00574481,-0.00381440,-0.00071763,-0.00148318,0.00247825,-0.00013137,-0.00786395,-0.00101331,-0.00166796,-0.00016619,-0.00424045,-0.00078686,-0.00028273,0.02900742,0.00212448,-0.00264679,-0.00040983,-0.00545244,-0.00015915,-0.00258222,-0.00220705,-0.00729376,-0.00384224,-0.00494534,-0.00028598,-0.01701636,-0.00272961,0.01631810,0.00054456,0.00109227,0.00132850,0.00351710,0.00535701,0.00411637,0.00319053,0.00498065,-0.01515702,-0.00318791,-0.00216922,0.00743873,-0.00158247,0.00285879,-0.00332894,0.00100891,0.00121298,0.00496172,0.00083930
0.00000000,0.00000000,0.00000000,0.00000000,0.00000000,0.00000000,0.00000000,0.00000000,0.00000000,0.00000000,0.00000000,0.00000000,0.00000000,0.00000000,0.00000000,0.00000000,0.00000000,0.00000000,0.00000000,0.00000000,0.00000000,0.00000000,0.00000000,0.00000000,0.00000000,0.00000000,0.00000000,0.00000000,0.00000000,0.00000000,0.00000000,0.00000000,0.00000000,0.00000000,0.00000000,0.00000000,0.00000000,0.00000000,-0.01550037,0.01117077,0.00831473,-0.00043751,-0.00489448,0.00247601,-0.00420613,0.00339476,0.01248810,0.01743142,-0.00791827,-0.00102452,-0.00005226,-0.00373286,0.00068850,-0.00914609,0.00617302,0.00954611,-0.02097681,0.00570781,0.00106796,-0.00213538,-0.00097648,-0.00987765,0.00934916,0.00043667,-0.00123693,-0.00632000,0.00610598,0.01738139,0.00209138,0.00228061,-0.00175218,0.00125864,0.00137813,-0.00339825,0.00334278,-0.02187056,0.00650096,0.00276243,0.00495636,0.00761955,0.00990744,-0.00066525,-0.01604909,-0.00344673,-0.00659916,0.00096428,-0.00374521,0.00135598,-0.00498176,-0.00718348,-0.00687437,-0.00430024,-0.00793134,-0.00235425,-0.00735518,0.01476547,-0.00435418,0.01128354,0.00087897,0.00724228,0.01604767,-0.00194086,0.00938540,-0.00222615,0.00371105,-0.00088901,0.00826851,0.00386564,-0.00958143,-0.00604670,-0.00094379,0.02221091,-0.00313811,0.00711537,-0.00727508,0.01091389,-0.01680813,-0.01199426,0.00538371,-0.00374779,0.01161777,-0.00286604,-0.00301934,0.00126784,-0.00062649,-0.00917090,-0.02124613,-0.00597558
0.00000000,0.00000000,0.00000000,0.00000000,0.00000000,0.00000000,0.00000000,0.00000000,0.00000000,0.00000000,0.00000000,0.00000000,0.00000000,0.00000000,0.00000000,0.00000000,0.00000000,0.00000000,0.00000000,0.00000000,0.00000000,0.00000000,0.00000000,0.00000000,0.00000000,0.00000000,0.00000000,0.00000000,0.00000000,0.00000000,0.00000000,0.00000000,0.00000000,0.00000000,0.00000000,0.00000000,0.00000000,0.00000000,0.00000000,0.07221918,-0.00237643,0.00761974,-0.00186154,0.00111712,-0.00505373,0.00503291,0.00339119,0.00273220,-0.00057970,-0.02053024,-0.00018538,-0.00368974,0.00291716,0.00055669,-0.00348846,-0.00046245,-0.00370594,0.00079008,-0.00763219,0.00719297,-0.00886592,0.03485091,-0.00498289,-0.02563631,0.00038956,-0.00576690,0.00089355,-0.00141035,-0.00575666,0.00535293,-0.00513512,-0.00418912,-0.00928551,-0.00031793,0.00244384,-0.00049076,-0.01735052,-0.00362118,-0.00381761,0.00397407,-0.00189743,0.01137660,-0.01412101,-0.00469463,0.00040288,0.00542822,-0.00168080,0.00727362,0.00380769,0.00033729,-0.00514849,-0.01542657,-0.00105888,-0.00307381,-0.00699249,-0.00567270,0.00437198,0.00678747,0.00036234,0.00253783,-0.00064249,-0.00335762,0.00032932,-0.00409579,0.00026987,-0.00932016,0.00660466,-0.00327894,0.01442363,-0.00430908,0.00020892,0.01559392,-0.00489678,-0.00225098,0.00119500,-0.00692611,-0.01833334,-0.00570033,0.00043701,-0.00683126,0.00373807,-0.00269380,-0.01016141,-0.00422243,-0.00063586,0.00288635,0.02013886,-0.00090942
0.00000000,0.00000000,0.00000000,0.00000000,0.00000000,0.00000000,0.00000000,0.00000000,0.00000000,0.00000000,0.00000000,0.00000000,0.00000000,0.00000000,0.00000000,0.00000000,0.00000000,0.00000000,0.00000000,0.00000000,0.00000000,0.00000000,0.00000000,0.00000000,0.00000000,0.00000000,0.00000000,0.00000000,0.00000000,0.00000000,0.00000000,0.00000000,0.00000000,0.00000000,0.00000000,0.00000000,0.00000000,0.00000000,0.00000000,0.00000000,0.06910717,-0.00940996,-0.00100554,0.00596097,-0.00113475,0.00955520,0.02003258,-0.00767179,0.02460707,-0.01315624,-0.00245501,-0.00989164,0.00020404,-0.00773683,-0.00688830,-0.00734788,-0.00283958,-0.01353736,-0.00041260,0.01881171,-0.00040815,0.00028485,-0.01301385,-0.01869486,-0.00315310,0.00011036,-0.00154567,-0.00811736,-0.00785495,0.00435655,0.00179295,-0.00317385,-0.00678880,0.00744631,0.00435873,-0.01133906,-0.00126892,-0.00654761,-0.00984352,-0.02370965,-0.01097914,-0.00022818,-0.00409410,0.00563983,-0.01035847,0.00628885,-0.00941234,0.01122475,0.00926911,0.00723816,0.00658086,-0.02451777,0.00182963,0.00312551,-0.00057630,-0.00127522,0.00226287,0.01277083,0.00815905,-0.00576066,0.00105315,0.00449998,-0.00663208,0.00115754,0.01527669,0.00320873,-0.03728743,-0.00285657,0.01674206,0.00648490,0.00868902,0.00621845,-0.00036397,0.00855032,-0.00475307,0.00838814,0.01166692,-0.02720708,0.00964358,-0.00089660,-0.00679710,-0.00834588,-0.00718748,0.00027677,0.00189276,-0.00514832,0.00613318,0.00136827
0.00000000,0.00000000,0.00000000,0.00000000,0.00000000,0.00000000,0.00000000,0.00000000,0.00000000,0.00000000,0.00000000,0.00000000,0.00000000,0.00000000,0.00000000,0.00000000,0.00000000,0.00000000,0.00000000,0.00000000,0.00000000,0.00000000,0.00000000,0.00000000,0.00000000,0.00000000,0.00000000,0.00000000,0.00000000,0.00000000,0.00000000,0.00000000,0.00000000,0.00000000,0.00000000,0.00000000,0.00000000,0.00000000,0.00000000,0.00000000,0.00000000,0.00008919,0.01781701,-0.00139293,0.00021695,0.00073491,0.00156185,0.00146068,0.00105140,0.00079939,0.00174629,-0.00180144,0.00008381,-0.00104890,0.00217980,0.00271852,0.00427341,0.00506929,0.00653231,0.00231993,0.00498950,-0.00605334,0.00059396,0.00094564,0.00282239,-0.00255081,0.00210147,-0.00433153,0.00037324,0.00394187,-0.02336015,0.00063688,-0.00642030,-0.00144691,-0.00042791,0.00723827,-0.00993023,0.00590079,-0.00043374,-0.00346227,0.00053103,-0.00095679,0.00534274,-0.00680561,-0.00882543,0.00773490,0.00054228,0.00640530,-0.00254734,0.00204426,0.00016842,-0.00219033,-0.00028241,-0.00192022,0.00589700,0.00139029,-0.00175933,-0.00019942,0.00264376,0.00122039,-0.00096079,0.00498065,0.00005490,-0.00198943,-0.00710294,0.00030107,0.00311788,0.00464604,0.00258987,-0.00219769,0.00044427,-0.00335395,-0.01494285,0.00921772,-0.00190532,-0.00177630,0.00960600,0.00335160,0.00049043,-0.00454409,-0.00134458,0.00057494,-0.00274707,-0.00531807,-0.00210450,0.00088583,0.00145106,0.00024414
0.00000000,0.00000000,0.00000000,0.00000000,0.00000000,0.00000000,0.00000000,0.00000000,0.00000000,0.00000000,0.00000000,0.00000000,0.00000000,0.00000000,0.00000000,0.00000000,0.00000000,0.00000000,0.00000000,0.00000000,0.00000000,0.00000000,0.00000000,0.00000000,0.00000000,0.00000000,0.00000000,0.00000000,0.00000000,0.00000000,0.00000000,0.00000000,0.00000000,0.00000000,0.00000000,0.00000000,0.00000000,0.00000000,0.00000000,0.00000000,0.00000000,0.00000000,0.02534570,-0.00019496,-0.00271112,-0.00055349,-0.00464244,0.01075538,-0.00247220,-0.00065650,-0.00150009,0.00377050,0.00136529,0.00288076,0.00140980,0.00272748,-0.00091404,-0.00201446,-0.00243384,-0.00328008,-0.00356445,-0.00015923,0.00295454,0.00178068,0.00168520,-0.00198091,0.00120500,-0.00051482,0.00343158,-0.00351143,0.01569714,0.00062825,-0.00276698,0.00139355,0.00102535,-0.00075737,0.00661316,0.01511496,-0.00767815,0.00266715,0.00594662,0.00153739,-0.00070674,0.00043076,-0.00131589,0.00124891,-0.00390175,-0.00484694,0.00013009,-0.00074404,-0.00305370,0.00515386,-0.00009532,-0.00145902,0.01484819,-0.00234711,-0.00207521,-0.00615411,0.00231906,0.00382687,-0.00752047,-0.00008511,-0.00240546,-0.00470170,0.00365500,-0.00349265,-0.00491444,0.00263152,-0.00222455,-0.00127795,-0.00491461,0.00697333,-0.00416644,0.01342702,-0.00103346,0.00116996,-0.00775354,0.00616080,-0.00221863,0.00093924,-0.00329470,0.00027822,0.00175502,0.00197814,0.00087000,-0.00178959,0.00212875,-0.00313200
0.00000000,0.00000000,0.00000000,0.00000000,0.00000000,0.00000000,0.00000000,0.00000000,0.00000000,0.00000000,0.00000000,0.00000000,0.00000000,0.00000000,0.00000000,0.00000000,0.00000000,0.00000000,0.00000000,0.00000000,0.00000000,0.00000000,0.00000000,0.00000000,0.00000000,0.00000000,0.00000000,0.00000000,0.00000000,0.00000000,0.00000000,0.00000000,0.00000000,0.00000000,0.00000000,0.00000000,0.00000000,0.00000000,0.00000000,0.00000000,0.00000000,0.00000000,0.00000000,0.03549040,-0.00005597,0.00314589,0.00467823,-0.00182357,0.00439188,0.00306054,-0.00414500,0.01338886,-0.00219581,-0.00354354,-0.00411030,-0.00088250,-0.00231194,0.00360669,0.00230989,-0.00010418,-0.00043790,-0.00090498,-0.00776650,-0.00532297,-0.00313149,-0.00288654,-0.00445497,0.00730594,0.00530374,0.00121270,-0.00101002,0.00229306,0.00733014,-0.00017593,0.00589611,-0.00174643,-0.00538172,-0.00044095,0.00118610,0.03627973,0.00912071,-0.00802808,-0.00838702,-0.00187713,-0.00909428,0.00037788,-0.00019925,-0.00142042,-0.00069069,-0.00111136,-0.00001310,-0.00747498,-0.00146043,-0.00087706,-0.00428401,-0.00262325,-0.00236659,0.00130713,-0.01212619,0.00091654,-0.00087034,-0.00251140,-0.00537724,0.00177215,-0.00307756,-0.00544514,-0.02014448,-0.00728442,0.00581079,-0.00240274,0.00733382,0.00089643,0.00974813,0.00289140,0.00163710,0.00390325,0.00226880,0.00344267,0.00020875,0.00501471,-0.00138080,0.00384416,0.00080111,0.00422488,-0.00150163,0.00040181,0.00095772,0.00254851
0.00000000,0.00000000,0.00000000,0.00000000,0.00000000,0.00000000,0.00000000,0.00000000,0.00000000,0.00000000,0.00000000,0.00000000,0.00000000,0.00000000,0.00000000,0.00000000,0.00000000,0.00000000,0.00000000,0.00000000,0.00000000,0.00000000,0.00000000,0.00000000,0.00000000,0.00000000,0.00000000,0.00000000,0.00000000,0.00000000,0.00000000,0.00000000,0.00000000,0.00000000,0.00000000,0.00000000,0.00000000,0.00000000,0.00000000,0.00000000,0.00000000,0.00000000,0.00000000,0.00000000,0.07705115,0.00061063,0.00269605,0.00029234,-0.00250213,-0.00024158,-0.00207145,-0.01372662,-0.00131440,-0.00174437,0.00133918,-0.00107635,0.00053431,-0.00076123,-0.00213562,-0.00782693,-0.02831971,-0.00382910,0.02397687,-0.01254492,0.02632294,-0.01340039,-0.00213306,0.01563597,0.04594379,0.00717303,0.00241190,-0.01912523,-0.00651265,-0.00459303,0.01016816,-0.00192043,0.01002780,0.01573711,-0.00056325,0.00359819,0.00214474,0.00026921,0.01185337,0.01145706,-0.00681837,-0.00014941,-0.01176490,-0.01250858,-0.00427872,-0.00494434,-0.02435801,-0.01308185,-0.00026097,0.00425833,0.00220349,-0.01785074,-0.00338344,0.01851716,-0.00527805,-0.00351687,0.00418758,0.00622149,0.01320233,-0.00413743,-0.00029136,0.00985433,-0.00195766,0.00192440,0.01961180,-0.00659133,-0.00137866,0.00026008,-0.00756501,-0.00260546,-0.00924789,-0.00217382,-0.00571323,-0.00289708,0.00348582,-0.00068521,0.00944270,-0.00344180,-0.00638923,-0.00018584,-0.00478673,0.00373056,-0.00052718,-0.00579247
0.00000000,0.00000000,0.00000000,0.00000000,0.00000000,0.00000000,0.00000000,0.00000000,0.00000000,0.00000000,0.00000000,0.00000000,0.00000000,0.00000000,0.00000000,0.00000000,0.00000000,0.00000000,0.00000000,0.00000000,0.00000000,0.00000000,0.00000000,0.00000000,0.00000000,0.00000000,0.00000000,0.00000000,0.00000000,0.00000000,0.00000000,0.00000000,0.00000000,0.00000000,0.00000000,0.00000000,0.00000000,0.00000000,0.00000000,0.00000000,0.00000000,0.00000000,0.00000000,0.00000000,0.00000000,0.00618854,0.03159936,-0.00658659,0.00268715,-0.00426108,-0.00039216,0.00309306,0.00109583,0.00045290,0.00099934,-0.00291411,-0.00242063,0.00605212,-0.00887016,-0.03530945,-0.00113155,-0.00015974,0.05533153,0.00282663,-0.00235859,-0.00182850,-0.00194070,-0.00184882,0.00941188,-0.00194850,-0.00160557,-0.01097142,0.00474273,0.00533102,0.02326171,0.00604637,0.00226359,-0.00104269,0.01143187,0.00054022,-0.00030375,-0.00619227,-0.00571302,-0.00116578,0.00503656,-0.00404682,0.00624357,-0.01325994,0.00027346,0.00362560,-0.00212730,0.02236640,-0.01086976,0.00203192,0.00426165,-0.00787267,0.00231156,-0.00706691,0.00029046,-0.00064255,0.00793949,0.00854875,-0.01237783,-0.00181874,-0.00229155,-0.00423997,0.00427445,-0.00168994,-0.00758212,-0.01078920,0.00732708,-0.00223473,0.00447529,-0.00385678,-0.00122796,0.00144129,0.00084750,0.00450412,-0.00693594,0.00291086,-0.00379954,0.00131939,-0.00246000,-0.00234513,0.00170772,-0.00169752,-0.00701645,0.00047749
0.00000000,0.00000000,0.00000000,0.00000000,0.00000000,0.00000000,0.00000000,0.00000000,0.00000000,0.00000000,0.00000000,0.00000000,0.00000000,0.00000000,0.00000000,0.00000000,0.00000000,0.00000000,0.00000000,0.00000000,0.00000000,0.00000000,0.00000000,0.00000000,0.00000000,0.00000000,0.00000000,0.00000000,0.00000000,0.00000000,0.00000000,0.00000000,0.00000000,0.00000000,0.00000000,0.00000000,0.00000000,0.00000000,0.00000000,0.00000000,0.00000000,0.00000000,0.00000000,0.00000000,0.00000000,0.00000000,0.06598881,-0.00956727,-0.16933237,0.01162872,0.00523833,0.00315721,0.00741685,0.00000735,0.00628624,0.00731194,-0.00229937,0.01237659,-0.02020637,-0.05908318,0.00456476,0.00707421,0.00723541,0.05736920,0.00246099,-0.00944825,0.03030928,-0.02438444,-0.00538678,-0.00648283,0.01111693,-0.00651708,0.00136656,-0.00085284,0.00985888,0.01445278,-0.00417379,-0.00422459,-0.00327364,0.00703825,0.00510222,-0.00047630,-0.03395848,-0.00554216,0.01562221,0.00024973,-0.00559621,0.01384844,0.00083032,-0.00759114,-0.00587139,0.03650110,-0.05534084,-0.00262702,-0.00718616,-0.00887201,-0.00263929,0.00014777,-0.00882616,0.00735235,0.00600336,0.00493269,-0.00574357,-0.01906729,-0.02101805,0.00853593,0.01991298,0.00733347,0.06136702,-0.00693151,-0.02493955,-0.00023520,0.00303888,-0.01608858,-0.00460181,0.00274345,-0.01528070,0.02803493,-0.08954123,0.00734279,-0.01411117,0.00614432,-0.00312020,-0.00085892,-0.00356953,-0.00996786,-0.00460839,-0.00615022
0.00000000,0.00000000,0.00000000,0.00000000,0.00000000,0.00000000,0.00000000,0.00000000,0.00000000,0.00000000,0.00000000,0.00000000,0.00000000,0.00000000,0.00000000,0.00000000,0.00000000,0.00000000,0.00000000,0.00000000,0.00000000,0.00000000,0.00000000,0.00000000,0.00000000,0.00000000,0.00000000,0.00000000,0.00000000,0.00000000,0.00000000,0.00000000,0.00000000,0.00000000,0.00000000,0.00000000,0.00000000,0.00000000,0.00000000,0.00000000,0.00000000,0.00000000,0.00000000,0.00000000,0.00000000,0.00000000,0.00000000,0.09053682,0.00127543,-0.00213116,-0.00401208,0.00449988,0.00106911,0.00514852,-0.00821802,-0.00802172,-0.00004347,0.00165981,-0.00013677,-0.00325166,0.00240647,0.00010199,-0.00215556,-0.01082568,0.00183204,0.00182089,0.00116034,-0.00513482,-0.00908168,-0.00372797,-0.00190468,-0.00598710,0.00334054,-0.00126198,-0.00465525,-0.01175545,-0.00592756,0.00281194,0.01540155,-0.00346820,-0.02313473,-0.00495355,0.00980066,-0.00501026,0.00440640,-0.00085782,0.00389165,-0.00469725,-0.00052728,0.00589584,0.00333632,0.00586329,-0.00032735,0.00225033,-0.01398095,-0.00539232,0.00481000,-0.03488280,0.00035654,-0.00721665,0.00228047,0.00197622,-0.00262895,-0.01902052,-0.00723233,0.00440373,-0.01284343,-0.00891334,-0.00286869,0.00346036,-0.00058414,0.00026245,0.00397170,-0.00290204,-0.00043853,0.00149990,-0.00093218,-0.00378592,-0.00993770,0.00516887,-0.00506516,0.00029968,-0.00037715,-0.00163004,0.00367562,-0.00106945,-0.00847146,0.00254005
0.00000000,0.00000000,0.00000000,0.00000000,0.00000000,0.00000000,0.00000000,0.00000000,0.00000000,0.00000000,0.00000000,0.00000000,0.00000000,0.00000000,0.00000000,0.00000000,0.00000000,0.00000000,0.00000000,0.00000000,0.00000000,0.00000000,0.00000000,0.00000000,0.00000000,0.00000000,0.00000000,0.00000000,0.00000000,0.00000000,0.00000000,0.00000000,0.00000000,0.00000000,0.00000000,0.00000000,0.00000000,0.00000000,0.00000000,0.00000000,0.00000000,0.00000000,0.00000000,0.00000000,0.00000000,0.00000000,0.00000000,0.00000000,0.12934501,0.00229855,-0.00325183,-0.01353715,-0.01498030,-0.00499712,0.00540393,0.01098610,-0.00839231,0.01153329,-0.02895378,0.02647912,-0.00276592,0.02353984,-0.00448530,0.17177199,0.00310348,-0.01207315,0.02087766,-0.01685981,-0.00048034,-0.00408078,0.00359955,-0.00152728,0.00781873,-0.00544816,0.00690213,0.00179502,0.00097126,-0.00220656,-0.00658047,0.00267413,-0.00168146,0.05365738,-0.02704489,-0.01196111,0.01228808,-0.00172354,-0.00379914,0.00518779,-0.00736383,-0.01235054,-0.00812288,0.01074702,-0.01598639,-0.01400325,-0.00925575,-0.00144818,-0.00554048,0.00323061,-0.00889031,0.00686520,-0.00236609,-0.00287941,0.01746416,-0.02114681,-0.01873632,0.00308034,0.00712020,0.00456704,0.05029683,-0.00514092,0.01237859,0.00700979,0.00192313,-0.01099915,-0.00255223,-0.00539767,-0.01788271,0.01556113,-0.01260913,0.00403492,-0.00219495,0.00294706,-0.00208355,-0.00302119,-0.00947759,-0.00041123,-0.00290148,-0.00976338
0.00000000,0.00000000,0.00000000,0.00000000,0.00000000,0.00000000,0.00000000,0.00000000,0.00000000,0.00000000,0.00000000,0.00000000,0.00000000,0.00000000,0.00000000,0.00000000,0.00000000,0.00000000,0.00000000,0.00000000,0.00000000,0.00000000,0.00000000,0.00000000,0.00000000,0.00000000,0.00000000,0.00000000,0.00000000,0.00000000,0.00000000,0.00000000,0.00000000,0.00000000,0.00000000,0.00000000,0.00000000,0.00000000,0.00000000,0.00000000,0.00000000,0.00000000,0.00000000,0.00000000,0.00000000,0.00000000,0.00000000,0.00000000,0.00000000,0.05209901,0.00036662,0.00285014,0.00098573,-0.00400926,-0.01330553,-0.00504092,-0.02721451,-0.00075622,-0.01424457,-0.00600743,0.00015660,0.01339242,0.00014706,-0.00347113,-0.00331942,0.01192094,0.01920579,0.00482933,-0.00278627,-0.00761688,-0.00733707,-0.00343011,-0.00593510,0.00221816,0.00069648,-0.00178368,-0.00547316,0.00318564,0.00174645,-0.00122949,0.00939871,-0.00167019,0.00539405,0.00109373,0.00597030,-0.00461800,0.00283962,-0.00448496,0.00245190,0.00478034,0.00281865,-0.01170832,-0.00937893,0.00384410,-0.01073487,-0.00454880,0.00393474,-0.00065206,-0.00034825,-0.00357941,-0.00202149,0.00341506,-0.00424489,0.00185192,0.00151133,-0.00195928,0.00098420,-0.01588362,0.00086287,0.00197896,0.00474372,-0.00367625,0.00378550,-0.00950773,-0.00277788,-0.01008791,0.00050797,0.00422392,0.00708244,-0.00123654,0.00852615,-0.00594350,0.00161188,0.00075282,0.00001008,0.00237036,0.00533583,0.00376224
0.00000000,0.00000000,0.00000000,0.00000000,0.00000000,0.00000000,0.00000000,0.00000000,0.00000000,0.00000000,0.00000000,0.00000000,0.00000000,0.00000000,0.00000000,0.00000000,0.00000000,0.00000000,0.00000000,0.00000000,0.00000000,0.00000000,0.00000000,0.00000000,0.00000000,0.00000000,0.00000000,0.00000000,0.00000000,0.00000000,0.00000000,0.00000000,0.00000000,0.00000000,0.00000000,0.00000000,0.00000000,0.00000000,0.00000000,0.00000000,0.00000000,0.00000000,0.00000000,0.00000000,0.00000000,0.00000000,0.00000000,0.00000000,0.00000000,0.00000000,0.06304578,-0.00294078,-0.00393367,-0.00173220,0.00062394,-0.00018477,-0.00151017,0.00006570,0.00279127,-0.00898727,-0.00462958,0.00210176,0.00283068,-0.00119526,-0.00094053,-0.00233429,0.00495032,-0.00103563,-0.00019943,0.00017534,-0.00382051,-0.00148562,-0.00072830,0.00125824,-0.00401406,-0.00215957,-0.00370181,-0.00476868,-0.00046188,0.00082455,-0.00167021,-0.00456450,-0.00298436,0.00045721,-0.00121278,-0.00334822,-0.00099743,-0.00105781,-0.00179859,-0.00135839,0.00981834,-0.00534332,0.00629090,0.00662047,-0.00175786,0.00079637,-0.00485165,0.00195764,-0.00170156,0.00447740,0.00001462,-0.00045090,-0.00039276,-0.00092429,-0.00161520,-0.00200499,-0.00080927,-0.00289744,-0.00216993,-0.00152072,-0.00646192,-0.00329642,-0.00223485,0.00086572,-0.00417326,-0.00148173,0.00335992,-0.00418383,-0.00124548,-0.00350754,0.00187318,-0.00382531,-0.00236309,-0.00130830,0.00005133,-0.00316108,0.00002427,-0.01379359
0.00000000,0.00000000,0.00000000,0.00000000,0.00000000,0.00000000,0.00000000,0.00000000,0.00000000,0.00000000,0.00000000,0.00000000,0.00000000,0.00000000,0.00000000,0.00000000,0.00000000,0.00000000,0.00000000,0.00000000,0.00000000,0.00000000,0.00000000,0.00000000,0.00000000,0.00000000,0.00000000,0.00000000,0.00000000,0.00000000,0.00000000,0.00000000,0.00000000,0.00000000,0.00000000,0.00000000,0.00000000,0.00000000,0.00000000,0.00000000,0.00000000,0.00000000,0.00000000,0.00000000,0.00000000,0.00000000,0.00000000,0.00000000,0.00000000,0.00000000,0.00000000,-0.07948782,-0.01143605,-0.01600162,-0.00061724,0.00123802,-0.00472634,-0.00502868,0.01034279,-0.00004525,-0.01005842,0.00021891,0.00402239,-0.01246959,-0.00498043,-0.00449350,-0.00872361,0.02420242,0.00461610,0.00253343,-0.00357547,0.00011547,-0.01707712,-0.00421547,0.00228156,-0.01496776,0.01046105,-0.00036607,-0.01326069,-0.00748970,0.00584755,-0.00107100,-0.00600848,-0.00422753,-0.02003609,-0.00084766,-0.01356694,-0.00146832,-0.00654512,-0.00761932,-0.00414149,-0.01201515,-0.00392950,-0.00605253,-0.00556559,-0.00172300,-0.01368245,0.00703358,-0.00862131,0.00266926,-0.00769506,-0.01057883,-0.00433806,0.04619395,-0.00596739,-0.00895935,-0.02772371,-0.00154987,-0.01106841,-0.01159583,-0.00740590,0.00324605,-0.00533931,-0.00415799,-0.00863360,0.00885194,-0.00559382,0.15795165,-0.00241784,0.01173929,0.02176664,-0.00277667,0.00027874,-0.00556501,-0.00965050,0.01087289,0.00070809,-0.00535444
0.00000000,0.00000000,0.00000000,0.00000000,0.00000000,0.00000000,0.00000000,0.00000000,0.00000000,0.00000000,0.00000000,0.00000000,0.00000000,0.00000000,0.00000000,0.00000000,0.00000000,0.00000000,0.00000000,0.00000000,0.00000000,0.00000000,0.00000000,0.00000000,0.00000000,0.00000000,0.00000000,0.00000000,0.00000000,0.00000000,0.00000000,0.00000000,0.00000000,0.00000000,0.00000000,0.00000000,0.00000000,0.00000000,0.00000000,0.00000000,0.00000000,0.00000000,0.00000000,0.00000000,0.00000000,0.00000000,0.00000000,0.00000000,0.00000000,0.00000000,0.00000000,0.00000000,0.02078292,0.04119791,0.00842749,0.00214839,-0.00228394,-0.00060628,0.02120187,-0.00390590,-0.00593492,0.00395832,-0.00139075,0.00556697,0.00404379,-0.00677869,-0.00222674,-0.00829139,-0.00545834,-0.00393785,-0.00340553,-0.00040680,-0.00459059,0.00101862,0.00435557,-0.00546621,0.01760380,-0.01786190,0.00518996,-0.00674134,0.00608553,0.00387087,-0.01458598,-0.00405739,0.00640961,-0.00469320,0.00006225,-0.00068777,-0.00976851,-0.00514465,-0.00082094,0.01022499,-0.00825809,-0.00281347,-0.00297096,0.00051136,-0.00105927,-0.00199981,-0.01145780,0.00312961,-0.00068700,-0.00241201,0.00343657,-0.01928553,-0.00120077,0.00105271,-0.00888606,-0.00156235,0.01499587,-0.00453713,0.00156710,-0.00585541,0.01347508,0.00447804,0.00525006,0.04533308,-0.00668647,-0.01388888,0.00718747,0.01600090,-0.01805151,0.00333544,0.00102951,-0.00782468,-0.00675414,0.00390286,-0.00776897,-0.00070367
0.00000000,0.00000000,0.00000000,0.00000000,0.00000000,0.00000000,0.00000000,0.00000000,0.00000000,0.00000000,0.00000000,0.00000000,0.00000000,0.00000000,0.00000000,0.00000000,0.00000000,0.00000000,0.00000000,0.00000000,0.00000000,0.00000000,0.00000000,0.00000000,0.00000000,0.00000000,0.00000000,0.00000000,0.00000000,0.00000000,0.00000000,0.00000000,0.00000000,0.00000000,0.00000000,0.00000000,0.00000000,0.00000000,0.00000000,0.00000000,0.00000000,0.00000000,0.00000000,0.00000000,0.00000000,0.00000000,0.00000000,0.00000000,0.00000000,0.00000000,0.00000000,0.00000000,0.00000000,0.10666840,-0.00464134,-0.00270762,-0.00316511,-0.00513825,-0.00588586,-0.00000659,-0.00216721,-0.00098355,-0.00238093,-0.00041687,-0.00067230,-0.00825174,-0.00222706,0.05487578,-0.00599905,-0.00009140,0.00380146,-0.00268411,0.06323070,0.00017911,0.00065561,-0.00940314,0.00179026,0.00687996,0.00117510,0.00066933,-0.00141443,0.00399336,-0.00497735,-0.00114851,0.00271446,0.01686601,-0.00722565,-0.00198520,-0.00682431,-0.00507188,-0.00185276,0.00748971,-0.00102302,-0.00158141,-0.00487218,-0.00057376,-0.01339783,-0.00732012,-0.03771868,-0.00104618,-0.00343744,0.00187176,-0.00034167,0.03014117,0.00385305,-0.00289024,-0.00420957,-0.00267866,-0.00324399,0.00711589,0.00462880,-0.00108794,-0.02247835,0.00746646,0.00391427,-0.00582178,0.00089169,-0.06297970,0.00594847,-0.04951899,-0.08496396,-0.00247330,-0.00808059,-0.00104507,-0.00675396,0.00139398,-0.00346629,-0.00024332
0.00000000,0.00000000,0.00000000,0.00000000,0.00000000,0.00000000,0.00000000,0.00000000,0.00000000,0.00000000,0.00000000,0.00000000,0.00000000,0.00000000,0.00000000,0.00000000,0.00000000,0.00000000,0.00000000,0.00000000,0.00000000,0.00000000,0.00000000,0.00000000,0.00000000,0.00000000,0.00000000,0.00000000,0.00000000,0.00000000,0.00000000,0.00000000,0.00000000,0.00000000,0.00000000,0.00000000,0.00000000,0.00000000,0.00000000,0.00000000,0.00000000,0.00000000,0.00000000,0.00000000,0.00000000,0.00000000,0.00000000,0.00000000,0.00000000,0.00000000,0.00000000,0.00000000,0.00000000,0.00000000,-0.01910055,0.05438867,-0.01442511,0.00280623,0.00259337,0.00368875,-0.00038635,-0.00099841,-0.00412177,-0.00143248,0.00458903,0.07374886,0.00336225,-0.00367440,-0.01068877,-0.00446622,-0.00109917,-0.00251843,-0.00818608,-0.00928271,0.00053225,-0.00234850,-0.02636803,-0.00726295,0.00188851,-0.00109343,-0.00068692,-0.00210527,-0.01841910,-0.00413663,0.00583113,0.00504566,0.00245458,-0.00310440,-0.00793261,0.07386523,-0.00926667,0.00008501,-0.00058733,-0.00737858,0.00102602,0.00151516,0.00879396,-0.00435691,-0.00459569,-0.00596563,-0.00242650,-0.00401586,-0.00284675,0.00079829,-0.00235281,-0.00063991,-0.00424332,0.06048373,-0.00522284,0.00100643,0.00087868,-0.00643906,0.00288846,-0.00310801,0.00038816,0.00474936,-0.00058746,-0.00053153,0.00238538,0.00329115,0.00049147,-0.00604131,0.00632068,0.01834450,0.00431442,0.00257343,-0.00518040,-0.00784225
0.00000000,0.00000000,0.00000000,0.00000000,0.00000000,0.00000000,0.00000000,0.00000000,0.00000000,0.00000000,0.00000000,0.00000000,0.00000000,0.00000000,0.00000000,0.00000000,0.00000000,0.00000000,0.00000000,0.00000000,0.00000000,0.00000000,0.00000000,0.00000000,0.00000000,0.00000000,0.00000000,0.00000000,0.00000000,0.00000000,0.00000000,0.00000000,0.00000000,0.00000000,0.00000000,0.00000000,0.00000000,0.00000000,0.00000000,0.00000000,0.00000000,0.00000000,0.00000000,0.00000000,0.00000000,0.00000000,0.00000000,0.00000000,0.00000000,0.00000000,0.00000000,0.00000000,0.00000000,0.00000000,0.00000000,0.00390010,-0.00828613,0.00339013,0.00285639,0.00144297,0.00685302,-0.00141907,-0.00200623,-0.00034861,0.00615772,0.00454437,0.00159589,-0.00070401,-0.00357381,0.00081074,-0.00061583,-0.00142525,-0.00017689,0.00103881,-0.00036479,0.00106299,-0.01184616,-0.00473136,0.00316421,0.00214560,-0.00062988,-0.00424997,-0.01446489,0.03825694,0.00293581,0.00275373,0.00218611,-0.00087071,0.00386403,0.07334543,-0.04479897,-0.01673182,0.00008279,-0.00810987,0.00341219,-0.00123434,-0.00489816,-0.00259416,-0.00150085,-0.08125975,-0.00189541,0.01264731,0.00293357,0.00222563,-0.00126620,0.00187171,-0.00006629,0.00782004,0.00410206,0.01604582,0.00010560,0.00422836,-0.00315317,-0.00076267,-0.00186063,0.00552027,0.01964903,-0.00005301,0.00064105,-0.00000771,-0.00251970,0.00341883,-0.00976015,0.00657117,0.00082294,0.00271979,-0.00496395,0.00022060
0.00000000,0.00000000,0.00000000,0.00000000,0.00000000,0.00000000,0.00000000,0.00000000,0.00000000,0.00000000,0.00000000,0.00000000,0.00000000,0.00000000,0.00000000,0.00000000,0.00000000,0.00000000,0.00000000,0.00000000,0.00000000,0.00000000,0.00000000,0.00000000,0.00000000,0.00000000,0.00000000,0.00000000,0.00000000,0.00000000,0.00000000,0.00000000,0.00000000,0.00000000,0.00000000,0.00000000,0.00000000,0.00000000,0.00000000,0.00000000,0.00000000,0.00000000,0.00000000,0.00000000,0.00000000,0.00000000,0.00000000,0.00000000,0.00000000,0.00000000,0.00000000,0.00000000,0.00000000,0.00000000,0.00000000,0.00000000,0.09281203,-0.00252325,-0.00786331,-0.00295272,-0.00376982,-0.00611068,0.00418363,-0.00118384,-0.00389556,-0.00027652,0.01325475,-0.00089947,-0.00668411,-0.00652595,-0.00288275,-0.00097740,0.00410972,-0.00422983,-0.00194874,0.00054404,-0.00647457,0.01250172,-0.00757783,-0.00248689,-0.00531511,-0.00280346,0.01401051,-0.00020570,0.00562069,-0.00471910,0.00059119,-0.00339084,-0.00214185,0.00927212,0.00551439,-0.00337300,0.00045603,-0.00466777,-0.01705696,-0.00013166,-0.00364331,-0.00469013,-0.00325161,-0.00966557,0.05955350,-0.00199208,-0.00336306,-0.00002727,-0.00053150,-0.00276081,-0.00146593,-0.00380363,-0.01783643,0.01173545,0.00218667,0.01133591,0.00430179,-0.00713357,0.00306170,0.00321227,-0.01409310,-0.00126215,-0.01199959,0.00245093,-0.00571995,0.00049913,0.00296892,-0.00098350,0.00308390,-0.01431650,0.02472088,0.00062152
0.00000000,0.00000000,0.00000000,0.00000000,0.00000000,0.00000000,0.00000000,0.00000000,0.00000000,0.00000000,0.00000000,0.00000000,0.00000000,0.00000000,0.00000000,0.00000000,0.00000000,0.00000000,0.00000000,0.00000000,0.00000000,0.00000000,0.00000000,0.00000000,0.00000000,0.00000000,0.00000000,0.00000000,0.00000000,0.00000000,0.00000000,0.00000000,0.00000000,0.00000000,0.00000000,0.00000000,0.00000000,0.00000000,0.00000000,0.00000000,0.00000000,0.00000000,0.00000000,0.00000000,0.00000000,0.00000000,0.00000000,0.00000000,0.00000000,0.00000000,0.00000000,0.00000000,0.00000000,0.00000000,0.00000000,0.00000000,0.00000000,0.00239720,-0.01102286,0.00816780,0.00186036,-0.00167023,0.00077294,-0.00247757,-0.00187711,-0.00376853,-0.00583773,0.00344243,0.00334860,-0.00577827,0.00128333,-0.00072038,0.00009115,0.00186417,0.00019020,0.01482665,-0.00053437,-0.01466001,-0.02022119,-0.00347748,-0.00833257,-0.00397318,-0.02663676,0.00219254,-0.01858242,0.00397166,0.01005962,0.00228416,0.00076048,-0.00204783,-0.00081745,-0.01246386,0.00684030,-0.00048999,0.00346297,-0.00149326,-0.00126610,-0.00035296,0.00106640,0.00388728,-0.00738553,0.00258160,0.09751482,-0.00008640,0.01141173,-0.00520874,-0.01927535,0.00120813,0.00006064,0.00210135,-0.00689807,0.00041579,0.00340543,-0.01155933,-0.00572962,0.00204590,0.00509845,-0.00765685,0.00690174,0.00090926,0.00716686,0.00097871,0.00243290,-0.00021406,0.00076883,0.01499157,0.00322483,-0.00114097
0.00000000,0.00000000,0.00000000,0.00000000,0.00000000,0.00000000,0.00000000,0.00000000,0.00000000,0.00000000,0.00000000,0.00000000,0.00000000,0.00000000,0.00000000,0.00000000,0.00000000,0.00000000,0.00000000,0.00000000,0.00000000,0.00000000,0.00000000,0.00000000,0.00000000,0.00000000,0.00000000,0.00000000,0.00000000,0.00000000,0.00000000,0.00000000,0.00000000,0.00000000,0.00000000,0.00000000,0.00000000,0.00000000,0.00000000,0.00000000,0.00000000,0.00000000,0.00000000,0.00000000,0.00000000,0.00000000,0.00000000,0.00000000,0.00000000,0.00000000,0.00000000,0.00000000,0.00000000,0.00000000,0.00000000,0.00000000,0.00000000,0.00000000,0.14801191,-0.00763315,0.00370282,-0.00532919,0.00910970,0.03416450,0.00177924,-0.00289089,-0.00690077,-0.02493910,0.00839178,0.00565571,0.00294288,0.00840353,0.00887201,-0.00132594,-0.00924893,0.00050514,-0.00177362,-0.01192159,-0.02486450,-0.00335665,0.02614294,-0.00023561,-0.00209699,0.00372974,-0.01023676,0.00435871,0.04914371,-0.00768697,0.01261222,-0.00187837,0.00132331,-0.00203004,0.00402204,0.00781603,-0.00462728,-0.00715678,0.00546471,0.00203043,0.01002152,-0.00180788,0.00164208,0.01186201,-0.07187866,0.00345506,-0.00177501,0.00136589,0.00665599,0.00058351,-0.02377974,0.01733980,-0.01083698,-0.01026654,-0.00402260,-0.02923297,-0.00792506,0.01368242,0.00504508,-0.03475394,-0.01249355,-0.00934024,-0.00995013,-0.00414918,0.00253188,0.00532975,-0.00326028,-0.00097316,0.00408612,0.00349149
0.00000000,0.00000000,0.00000000,0.00000000,0.00000000,0.00000000,0.00000000,0.00000000,0.00000000,0.00000000,0.00000000,0.00000000,0.00000000,0.00000000,0.00000000,0.00000000,0.00000000,0.00000000,0.00000000,0.00000000,0.00000000,0.00000000,0.00000000,0.00000000,0.00000000,0.00000000,0.00000000,0.00000000,0.00000000,0.00000000,0.00000000,0.00000000,0.00000000,0.00000000,0.00000000,0.00000000,0.00000000,0.00000000,0.00000000,0.00000000,0.00000000,0.00000000,0.00000000,0.00000000,0.00000000,0.00000000,0.00000000,0.00000000,0.00000000,0.00000000,0.00000000,0.00000000,0.00000000,0.00000000,0.00000000,0.00000000,0.00000000,0.00000000,0.00000000,0.05197619,0.00978486,-0.00030559,-0.04606532,0.00104879,0.00283850,-0.00447956,0.00061590,-0.00470572,0.01569871,0.00016539,-0.00253604,0.00159327,0.00152724,-0.00083876,-0.00754258,0.01179324,0.00452734,0.00565607,0.01183399,-0.00466576,0.00832506,-0.00588113,-0.00633811,-0.00184499,0.00426929,-0.00316411,-0.00285106,0.00265730,-0.00598508,-0.00153531,-0.00237763,0.03307485,0.00079945,0.00016503,0.00223382,-0.00506995,-0.00231913,-0.00669279,-0.00232525,0.00367937,0.00743686,0.00997716,-0.01589642,-0.00535125,-0.00198429,-0.00426396,0.01808174,0.00352141,0.00959303,-0.01325904,-0.01967671,0.00250665,0.00214492,-0.00589996,-0.00317947,0.00066217,-0.00303277,0.00533775,-0.05233749,0.00658501,-0.00523530,0.00119093,-0.00577821,0.00037312,-0.00128966,0.00194413,-0.01319529,-0.00481275
0.00000000,0.00000000,0.00000000,0.00000000,0.00000000,0.00000000,0.00000000,0.00000000,0.00000000,0.00000000,0.00000000,0.00000000,0.00000000,0.00000000,0.00000000,0.00000000,0.00000000,0.00000000,0.00000000,0.00000000,0.00000000,0.00000000,0.00000000,0.00000000,0.00000000,0.00000000,0.00000000,0.00000000,0.00000000,0.00000000,0.00000000,0.00000000,0.00000000,0.00000000,0.00000000,0.00000000,0.00000000,0.00000000,0.00000000,0.00000000,0.00000000,0.00000000,0.00000000,0.00000000,0.00000000,0.00000000,0.00000000,0.00000000,0.00000000,0.00000000,0.00000000,0.00000000,0.00000000,0.00000000,0.00000000,0.00000000,0.00000000,0.00000000,0.00000000,0.00000000,-0.05697965,-0.00026343,0.00202571,-0.01095022,0.02680444,-0.00722381,-0.00062909,0.01185302,-0.01542594,0.00658988,0.00364985,0.04767429,-0.00715994,0.02048658,0.00065242,-0.00502442,0.01149230,0.01605589,0.00075354,0.00250389,-0.00221132,-0.00512557,0.01198301,-0.00613133,0.00208108,0.00105749,-0.00619175,0.00072632,0.00241336,0.00065337,0.00159164,0.00182591,-0.00050712,0.00439203,0.00751496,-0.02686682,-0.00546605,0.01967043,-0.00317200,0.03204134,0.00229259,-0.00615673,0.00824033,0.00146358,-0.00233075,0.01010948,0.00253487,0.00691405,0.01692287,0.01994945,-0.00171858,0.00030682,-0.00644349,-0.00589438,-0.00608418,-0.00351753,0.00055368,-0.00786198,0.00865878,-0.00115930,0.00903678,-0.00036752,0.00057347,0.00029235,-0.00576570,0.00681715,-0.00521246,0.01644314
0.00000000,0.00000000,0.00000000,0.00000000,0.00000000,0.00000000,0.00000000,0.00000000,0.00000000,0.00000000,0.00000000,0.00000000,0.00000000,0.00000000,0.00000000,0.00000000,0.00000000,0.00000000,0.00000000,0.00000000,0.00000000,0.00000000,0.00000000,0.00000000,0.00000000,0.00000000,0.00000000,0.00000000,0.00000000,0.00000000,0.00000000,0.00000000,0.00000000,0.00000000,0.00000000,0.00000000,0.00000000,0.00000000,0.00000000,0.00000000,0.00000000,0.00000000,0.00000000,0.00000000,0.00000000,0.00000000,0.00000000,0.00000000,0.00000000,0.00000000,0.00000000,0.00000000,0.00000000,0.00000000,0.00000000,0.00000000,0.00000000,0.00000000,0.00000000,0.00000000,0.00000000,-0.02128512,0.00288987,-0.03359518,-0.00216859,-0.00353844,0.00057357,0.00741573,0.00428994,-0.00287753,-0.00182073,0.00250926,0.00304690,0.00149241,-0.00074276,-0.00395963,-0.00923016,-0.00704231,0.00092105,0.00409845,0.00214040,0.00906863,0.00950193,0.00663683,0.00815259,0.00293700,-0.00026458,0.00174256,0.00912817,0.00441255,-0.00090531,-0.02330281,0.00332875,0.00405898,0.00505599,0.00539744,0.00407882,-0.00272334,0.00066746,0.00160815,-0.00843835,0.00195666,-0.00115491,0.00393690,-0.00039295,-0.00717625,-0.00291939,0.00822100,-0.00675887,0.01213781,0.00911688,0.00659001,-0.00922282,-0.00023590,-0.00965576,0.00239970,0.02945152,-0.00005826,-0.00115599,-0.00755557,0.00345200,-0.00282986,-0.00133774,0.01105519,-0.01321795,0.00059421,0.00814457,-0.00056943
0.00000000,0.00000000,0.00000000,0.00000000,0.00000000,0.00000000,0.00000000,0.00000000,0.00000000,0.00000000,0.00000000,0.00000000,0.00000000,0.00000000,0.00000000,0.00000000,0.00000000,0.00000000,0.00000000,0.00000000,0.00000000,0.00000000,0.00000000,0.00000000,0.00000000,0.00000000,0.00000000,0.00000000,0.00000000,0.00000000,0.00000000,0.00000000,0.00000000,0.00000000,0.00000000,0.00000000,0.00000000,0.00000000,0.00000000,0.00000000,0.00000000,0.00000000,0.00000000,0.00000000,0.00000000,0.00000000,0.00000000,0.00000000,0.00000000,0.00000000,0.00000000,0.00000000,0.00000000,0.00000000,0.00000000,0.00000000,0.00000000,0.00000000,0.00000000,0.00000000,0.00000000,0.00000000,-0.02701654,0.00288312,0.00506093,0.00287510,-0.00086555,0.00335712,-0.01567005,-0.00050782,0.00162404,0.01006711,-0.00374394,0.00344055,-0.02026371,-0.00616575,-0.00967192,-0.01468585,-0.01605651,-0.00213174,-0.00616801,0.00423706,0.00822690,0.00153971,0.00584120,0.00185924,0.00892133,0.07774767,0.00613506,0.00376561,0.00530902,-0.02594861,0.01310791,0.00115276,-0.00000070,0.00387512,0.00157338,0.00623953,0.00146220,-0.00348962,-0.00101891,-0.00068474,0.01980903,0.00259759,-0.00052587,0.00513577,-0.00346879,-0.00278220,0.00393174,0.01812540,-0.00460180,0.00022741,-0.00005958,-0.00074001,0.00492459,-0.00441594,0.00301161,-0.00461826,0.03646682,-0.00164942,0.00113718,0.00241275,0.00067809,0.00217026,0.00292658,-0.00613941,0.01320778,-0.00095429
0.00000000,0.00000000,0.00000000,0.00000000,0.00000000,0.00000000,0.00000000,0.00000000,0.00000000,0.00000000,0.00000000,0.00000000,0.00000000,0.00000000,0.00000000,0.00000000,0.00000000,0.00000000,0.00000000,0.00000000,0.00000000,0.00000000,0.00000000,0.00000000,0.00000000,0.00000000,0.00000000,0.00000000,0.00000000,0.00000000,0.00000000,0.00000000,0.00000000,0.00000000,0.00000000,0.00000000,0.00000000,0.00000000,0.00000000,0.00000000,0.00000000,0.00000000,0.00000000,0.00000000,0.00000000,0.00000000,0.00000000,0.00000000,0.00000000,0.00000000,0.00000000,0.00000000,0.00000000,0.00000000,0.00000000,0.00000000,0.00000000,0.00000000,0.00000000,0.00000000,0.00000000,0.00000000,0.00000000,-0.02907869,-0.00736691,-0.01018820,-0.01343681,0.03303749,-0.00030866,0.00666789,-0.01662401,0.00290870,-0.01200885,-0.00212681,-0.00406450,-0.01312562,0.01166864,0.00988024,0.00194564,0.00332752,0.00634828,-0.01918797,0.01446315,0.00092956,-0.01752815,0.00202391,-0.01721559,-0.00275987,0.00313923,-0.00318554,-0.00124766,-0.02699964,-0.00266419,0.00297529,-0.00366043,-0.00038020,-0.00891098,0.00248609,-0.00209752,-0.00035202,-0.00765472,-0.00726954,-0.00198971,0.00149826,0.01090632,-0.00215678,0.01841089,-0.00214689,-0.03974670,-0.00636069,-0.01449665,0.00064419,-0.01187399,0.01034791,-0.01968290,-0.00298813,0.00795093,-0.03280208,0.04833305,-0.00753593,0.01539511,-0.01239874,-0.00024284,0.00512910,-0.00837956,0.00774427,0.00395291,-0.00150488
0.00000000,0.00000000,0.00000000,0.00000000,0.00000000,0.00000000,0.00000000,0.00000000,0.00000000,0.00000000,0.00000000,0.00000000,0.00000000,0.00000000,0.00000000,0.00000000,0.00000000,0.00000000,0.00000000,0.00000000,0.00000000,0.00000000,0.00000000,0.00000000,0.00000000,0.00000000,0.00000000,0.00000000,0.00000000,0.00000000,0.00000000,0.00000000,0.00000000,0.00000000,0.00000000,0.00000000,0.00000000,0.00000000,0.00000000,0.00000000,0.00000000,0.00000000,0.00000000,0.00000000,0.00000000,0.00000000,0.00000000,0.00000000,0.00000000,0.00000000,0.00000000,0.00000000,0.00000000,0.00000000,0.00000000,0.00000000,0.00000000,0.00000000,0.00000000,0.00000000,0.00000000,0.00000000,0.00000000,0.00000000,0.01904036,-0.00410272,0.00177362,0.00197267,0.02206028,0.00173639,0.00069435,0.00828671,-0.00079108,-0.00930080,0.00408932,0.00274827,0.01074180,-0.00098020,-0.00218657,0.00124083,0.00019385,-0.00132192,-0.00644443,-0.02294003,0.00415799,-0.00134802,-0.00056012,0.01019017,-0.00259645,-0.00169309,0.01233947,-0.01396609,-0.00323191,-0.00364022,-0.00394904,0.01367358,-0.00182477,-0.00154250,-0.00110493,0.00055574,-0.00761693,-0.00891903,-0.00261323,0.00262372,-0.00021909,-0.00432598,-0.00465883,0.00007694,-0.01055718,0.05253684,-0.00160734,-0.01007897,-0.00001143,0.00307952,0.00169600,0.00250401,0.00467030,-0.00289936,-0.00395577,0.00007192,0.00021666,-0.00078945,-0.00529625,-0.00167743,0.00061029,-0.00122529,0.00107055,-0.01458977
0.00000000,0.00000000,0.00000000,0.00000000,0.00000000,0.00000000,0.00000000,0.00000000,0.00000000,0.00000000,0.00000000,0.00000000,0.00000000,0.00000000,0.00000000,0.00000000,0.00000000,0.00000000,0.00000000,0.00000000,0.00000000,0.00000000,0.00000000,0.00000000,0.00000000,0.00000000,0.00000000,0.00000000,0.00000000,0.00000000,0.00000000,0.00000000,0.00000000,0.00000000,0.00000000,0.00000000,0.00000000,0.00000000,0.00000000,0.00000000,0.00000000,0.00000000,0.00000000,0.00000000,0.00000000,0.00000000,0.00000000,0.00000000,0.00000000,0.00000000,0.00000000,0.00000000,0.00000000,0.00000000,0.00000000,0.00000000,0.00000000,0.00000000,0.00000000,0.00000000,0.00000000,0.00000000,0.00000000,0.00000000,0.00000000,0.01839227,-0.00724412,-0.00089581,-0.00414267,0.00643656,-0.00423491,-0.00185331,0.00136328,-0.00480701,-0.00062752,-0.00523053,0.00572885,-0.00257436,-0.00440977,-0.00587533,0.00105874,-0.00394401,0.00772560,-0.00364709,-0.00995127,-0.00503598,-0.00622926,-0.00734876,-0.01995715,0.05778620,0.00506555,-0.00792741,-0.00962927,-0.00051000,-0.00871693,0.00041400,0.06824438,-0.00159670,0.00419091,-0.01078555,-0.00266136,-0.00737160,0.00086315,-0.01095940,0.00155027,-0.00476234,-0.00186024,0.06908924,-0.00252400,0.00111331,-0.00383997,-0.00140757,-0.01137296,0.00003265,-0.01719539,-0.01311900,0.00552486,-0.01204125,-0.00878230,0.00662721,0.00026377,-0.01559690,0.03723979,-0.00146464,-0.00667657,-0.00254434,-0.00364899,-0.00393501
0.00000000,0.00000000,0.00000000,0.00000000,0.00000000,0.00000000,0.00000000,0.00000000,0.00000000,0.00000000,0.00000000,0.00000000,0.00000000,0.00000000,0.00000000,0.00000000,0.00000000,0.00000000,0.00000000,0.00000000,0.00000000,0.00000000,0.00000000,0.00000000,0.00000000,0.00000000,0.00000000,0.00000000,0.00000000,0.00000000,0.00000000,0.00000000,0.00000000,0.00000000,0.00000000,0.00000000,0.00000000,0.00000000,0.00000000,0.00000000,0.00000000,0.00000000,0.00000000,0.00000000,0.00000000,0.00000000,0.00000000,0.00000000,0.00000000,0.00000000,0.00000000,0.00000000,0.00000000,0.00000000,0.00000000,0.00000000,0.00000000,0.00000000,0.00000000,0.00000000,0.00000000,0.00000000,0.00000000,0.00000000,0.00000000,0.00000000,0.08134414,0.00673203,-0.00419815,0.00236467,0.00568229,-0.00060106,0.00017232,-0.00043963,-0.00359656,-0.00170209,0.00579521,-0.00891712,-0.01212623,0.00127646,-0.00285004,0.00624124,-0.01612984,-0.00102875,-0.00275282,-0.00485320,-0.00113260,-0.00456223,-0.00460494,-0.00119858,-0.00109681,0.01139472,0.01834343,-0.00275474,-0.00192481,0.00369123,-0.01129560,-0.00107907,-0.00890294,-0.00252737,0.00860501,0.00306585,-0.01716903,0.01068532,-0.00845977,-0.00272042,-0.01014297,0.00795512,-0.00972873,0.00174023,-0.00568088,-0.00049640,0.00460883,0.00136417,-0.00019334,0.00044928,0.00643583,-0.00716965,0.00009663,0.00308083,0.00048595,0.00124528,-0.00147528,-0.00532185,0.00122485,-0.00180908,-0.00943780,-0.00050819
0.00000000,0.00000000,0.00000000,0.00000000,0.00000000,0.00000000,0.00000000,0.00000000,0.00000000,0.00000000,0.00000000,0.00000000,0.00000000,0.00000000,0.00000000,0.00000000,0.00000000,0.00000000,0.00000000,0.00000000,0.00000000,0.00000000,0.00000000,0.00000000,0.00000000,0.00000000,0.00000000,0.00000000,0.00000000,0.00000000,0.00000000,0.00000000,0.00000000,0.00000000,0.00000000,0.00000000,0.00000000,0.00000000,0.00000000,0.00000000,0.00000000,0.00000000,0.00000000,0.00000000,0.00000000,0.00000000,0.00000000,0.00000000,0.00000000,0.00000000,0.00000000,0.00000000,0.00000000,0.00000000,0.00000000,0.00000000,0.00000000,0.00000000,0.00000000,0.00000000,0.00000000,0.00000000,0.00000000,0.00000000,0.00000000,0.00000000,0.00000000,0.02803180,-0.00765899,-0.00297096,0.00459708,-0.00212771,-0.04545496,0.00080168,-0.00004473,0.00653984,-0.01479211,-0.00941419,-0.00646998,0.00169517,-0.01833199,-0.00544809,-0.00672749,0.00554898,0.02527124,0.04124308,0.01662375,0.00204220,-0.00319123,-0.00100242,0.00161289,0.00590358,0.00010610,-0.00331763,-0.01359063,-0.01078214,-0.01405594,-0.00460867,0.01109944,-0.00119927,0.00463401,0.00897949,-0.01335507,-0.04776882,-0.00258967,-0.00155804,-0.01642703,-0.00318332,0.00648148,0.00076759,0.00159887,-0.01867888,-0.00068673,-0.00584473,-0.04296162,0.02941814,0.00549733,0.01524231,-0.02565550,-0.06055016,-0.08511406,-0.00285586,-0.00206672,-0.01725181,0.03174618,-0.00678695,0.00139520,0.00231749
0.00000000,0.00000000,0.00000000,0.00000000,0.00000000,0.00000000,0.00000000,0.00000000,0.00000000,0.00000000,0.00000000,0.00000000,0.00000000,0.00000000,0.00000000,0.00000000,0.00000000,0.00000000,0.00000000,0.00000000,0.00000000,0.00000000,0.00000000,0.00000000,0.00000000,0.00000000,0.00000000,0.00000000,0.00000000,0.00000000,0.00000000,0.00000000,0.00000000,0.00000000,0.00000000,0.00000000,0.00000000,0.00000000,0.00000000,0.00000000,0.00000000,0.00000000,0.00000000,0.00000000,0.00000000,0.00000000,0.00000000,0.00000000,0.00000000,0.00000000,0.00000000,0.00000000,0.00000000,0.00000000,0.00000000,0.00000000,0.00000000,0.00000000,0.00000000,0.00000000,0.00000000,0.00000000,0.00000000,0.00000000,0.00000000,0.00000000,0.00000000,0.00000000,0.04640459,-0.00759640,-0.00850627,-0.01016371,0.00303364,-0.00091877,0.03212358,-0.00389323,-0.01277227,-0.01834824,0.00174802,-0.00484246,-0.00653405,-0.00245609,-0.01209170,0.00767914,0.00736122,-0.00264036,-0.00397564,0.06115389,-0.00143768,0.00473284,-0.00573284,0.01524643,-0.00465661,-0.01178119,-0.00562662,0.00217931,-0.00296009,-0.01939277,0.00126326,0.00140880,-0.00499295,0.00225768,-0.01148898,0.00033398,0.00405726,-0.00917863,0.00241068,-0.00677970,-0.02225640,0.00832444,-0.01375645,-0.00206375,0.00363771,0.00165022,0.00058763,-0.00540246,0.00221601,-0.01337542,-0.00163486,-0.00259626,-0.01054265,-0.00001680,0.00116894,-0.00523714,0.00368187,-0.00199936,-0.01076774,0.01630094
0.00000000,0.00000000,0.00000000,0.00000000,0.00000000,0.00000000,0.00000000,0.00000000,0.00000000,0.00000000,0.00000000,0.00000000,0.00000000,0.00000000,0.00000000,0.00000000,0.00000000,0.00000000,0.00000000,0.00000000,0.00000000,0.00000000,0.00000000,0.00000000,0.00000000,0.00000000,0.00000000,0.00000000,0.00000000,0.00000000,0.00000000,0.00000000,0.00000000,0.00000000,0.00000000,0.00000000,0.00000000,0.00000000,0.00000000,0.00000000,0.00000000,0.00000000,0.00000000,0.00000000,0.00000000,0.00000000,0.00000000,0.00000000,0.00000000,0.00000000,0.00000000,0.00000000,0.00000000,0.00000000,0.00000000,0.00000000,0.00000000,0.00000000,0.00000000,0.00000000,0.00000000,0.00000000,0.00000000,0.00000000,0.00000000,0.00000000,0.00000000,0.00000000,0.00000000,0.04125072,-0.00996559,0.00125121,-0.00584792,0.00202384,-0.00020758,0.00197591,-0.01180843,-0.00160731,0.00784452,-0.00497547,0.03393502,-0.00124927,-0.00750032,0.00217686,-0.03709676,0.00020134,-0.00256659,-0.00078201,-0.00457306,0.00113357,-0.00284750,-0.00326491,-0.00112271,-0.00626239,-0.00240341,0.00272445,0.00164750,-0.00658496,0.00207797,0.00278184,0.00860995,0.00165797,0.00710543,0.00056380,-0.01962456,0.02265613,-0.00491314,-0.00600242,0.00520858,0.00166348,0.00300142,0.01043972,0.01113435,-0.01511817,0.01180523,-0.00718514,-0.00192919,-0.00109264,-0.00844314,-0.00095859,0.00267524,0.00176823,0.00023403,-0.00491355,0.00540653,-0.00116875,-0.00517972,-0.00531302
0.00000000,0.00000000,0.00000000,0.00000000,0.00000000,0.00000000,0.00000000,0.00000000,0.00000000,0.00000000,0.00000000,0.00000000,0.00000000,0.00000000,0.00000000,0.00000000,0.00000000,0.00000000,0.00000000,0.00000000,0.00000000,0.00000000,0.00000000,0.00000000,0.00000000,0.00000000,0.00000000,0.00000000,0.00000000,0.00000000,0.00000000,0.00000000,0.00000000,0.00000000,0.00000000,0.00000000,0.00000000,0.00000000,0.00000000,0.00000000,0.00000000,0.00000000,0.00000000,0.00000000,0.00000000,0.00000000,0.00000000,0.00000000,0.00000000,0.00000000,0.00000000,0.00000000,0.00000000,0.00000000,0.00000000,0.00000000,0.00000000,0.00000000,0.00000000,0.00000000,0.00000000,0.00000000,0.00000000,0.00000000,0.00000000,0.00000000,0.00000000,0.00000000,0.00000000,0.00000000,0.07819756,-0.00008659,0.00858229,-0.00052332,-0.00195412,-0.00038441,0.00062836,0.00301459,-0.00161819,-0.00630258,0.00528707,0.00186913,0.00010810,-0.00395550,-0.00835731,-0.00177902,-0.00166686,-0.00133660,-0.00380085,-0.00304508,-0.00364986,0.00269339,0.00133878,-0.00470853,0.01482052,0.00457548,-0.00128911,-0.00336887,-0.00496532,0.00068356,-0.00023341,0.00493763,0.00446885,-0.00983361,0.01186113,-0.00085171,-0.00084703,-0.00447580,-0.00390602,-0.00477522,-0.00429491,0.00394582,0.00127916,0.00089736,-0.00536099,-0.00925100,0.00546656,-0.00043967,-0.00328907,0.00117927,0.01158952,0.00087392,-0.00320981,-0.00225582,-0.00151039,0.00422516,-0.00315591,-0.00369378
0.00000000,0.00000000,0.00000000,0.00000000,0.00000000,0.00000000,0.00000000,0.00000000,0.00000000,0.00000000,0.00000000,0.00000000,0.00000000,0.00000000,0.00000000,0.00000000,0.00000000,0.00000000,0.00000000,0.00000000,0.00000000,0.00000000,0.00000000,0.00000000,0.00000000,0.00000000,0.00000000,0.00000000,0.00000000,0.00000000,0.00000000,0.00000000,0.00000000,0.00000000,0.00000000,0.00000000,0.00000000,0.00000000,0.00000000,0.00000000,0.00000000,0.00000000,0.00000000,0.00000000,0.00000000,0.00000000,0.00000000,0.00000000,0.00000000,0.00000000,0.00000000,0.00000000,0.00000000,0.00000000,0.00000000,0.00000000,0.00000000,0.00000000,0.00000000,0.00000000,0.00000000,0.00000000,0.00000000,0.00000000,0.00000000,0.00000000,0.00000000,0.00000000,0.00000000,0.00000000,0.00000000,-0.03476027,-0.00252018,0.00052342,-0.00355947,-0.00290148,-0.00883773,-0.00189009,-0.00048900,-0.00195071,-0.00353354,-0.00255220,-0.00536295,0.01491589,0.00377295,-0.00127353,0.00142651,0.00259340,0.00254449,0.00625423,-0.01780678,-0.01273588,0.00185851,0.00188237,0.00130120,-0.00840422,-0.00213283,0.00263722,0.00053841,0.00440408,-0.00066544,-0.00735090,-0.00054028,0.00089274,-0.00797402,-0.00214185,0.00435971,-0.00089571,0.02351565,0.06768090,-0.00237008,0.00930528,0.00017880,-0.00206845,0.00323499,-0.00152696,0.00166870,-0.00357722,-0.00142634,-0.00165958,-0.00437298,0.00092251,0.00847245,-0.00085074,-0.00143405,0.00277587,-0.00251956,-0.01158469
0.00000000,0.00000000,0.00000000,0.00000000,0.00000000,0.00000000,0.00000000,0.00000000,0.00000000,0.00000000,0.00000000,0.00000000,0.00000000,0.00000000,0.00000000,0.00000000,0.00000000,0.00000000,0.00000000,0.00000000,0.00000000,0.00000000,0.00000000,0.00000000,0.00000000,0.00000000,0.00000000,0.00000000,0.00000000,0.00000000,0.00000000,0.00000000,0.00000000,0.00000000,0.00000000,0.00000000,0.00000000,0.00000000,0.00000000,0.00000000,0.00000000,0.00000000,0.00000000,0.00000000,0.00000000,0.00000000,0.00000000,0.00000000,0.00000000,0.00000000,0.00000000,0.00000000,0.00000000,0.00000000,0.00000000,0.00000000,0.00000000,0.00000000,0.00000000,0.00000000,0.00000000,0.00000000,0.00000000,0.00000000,0.00000000,0.00000000,0.00000000,0.00000000,0.00000000,0.00000000,0.00000000,0.00000000,-0.01852049,0.00543823,0.00266687,0.00297271,-0.00856601,0.00176233,-0.00469221,-0.01091146,0.00190463,-0.00137357,-0.00947147,0.00085174,0.00159338,-0.02088774,-0.00418053,0.00620542,-0.01516487,-0.00009590,0.00127153,-0.01856359,0.00115434,0.00379999,-0.00356157,-0.00961676,0.00360661,0.00956516,-0.01147288,0.00301671,-0.00220124,-0.00921748,-0.00162387,-0.03670349,-0.00827787,-0.00256393,0.01451842,-0.01041616,0.00990139,-0.00116406,-0.00228180,0.00535022,-0.02142578,-0.00823226,0.02822694,0.00686140,0.00048784,0.00406828,-0.00092149,-0.02037792,0.04221770,-0.00365265,-0.00641035,-0.00608292,0.01078102,0.00338836,0.00381855,0.00344710
0.00000000,0.00000000,0.00000000,0.00000000,0.00000000,0.00000000,0.00000000,0.00000000,0.00000000,0.00000000,0.00000000,0.00000000,0.00000000,0.00000000,0.00000000,0.00000000,0.00000000,0.00000000,0.00000000,0.00000000,0.00000000,0.00000000,0.00000000,0.00000000,0.00000000,0.00000000,0.00000000,0.00000000,0.00000000,0.00000000,0.00000000,0.00000000,0.00000000,0.00000000,0.00000000,0.00000000,0.00000000,0.00000000,0.00000000,0.00000000,0.00000000,0.00000000,0.00000000,0.00000000,0.00000000,0.00000000,0.00000000,0.00000000,0.00000000,0.00000000,0.00000000,0.00000000,0.00000000,0.00000000,0.00000000,0.00000000,0.00000000,0.00000000,0.00000000,0.00000000,0.00000000,0.00000000,0.00000000,0.00000000,0.00000000,0.00000000,0.00000000,0.00000000,0.00000000,0.00000000,0.00000000,0.00000000,0.00000000,0.06230999,0.00255040,-0.00604624,-0.01857238,0.00365195,0.00280673,0.00055103,0.00219747,0.00297089,0.00014974,0.06144713,-0.00145497,0.00004515,0.00253103,0.00047762,-0.00325553,-0.03516732,-0.00291723,0.03124326,-0.00309225,0.00339326,0.00092364,-0.00116404,0.00547753,0.00187992,-0.00332648,-0.01163855,-0.00259733,-0.04476897,-0.00086651,0.00051554,-0.00215442,0.00013769,0.00002424,-0.00573222,-0.02027416,-0.00390903,-0.00026490,-0.01935661,-0.00174470,-0.00030945,-0.00185225,-0.00610801,-0.00915722,0.00224220,0.00328840,0.00214854,-0.00174476,-0.00566009,-0.01667560,-0.00501186,-0.00222388,0.00337696,-0.00126832,0.00370944
0.00000000,0.00000000,0.00000000,0.00000000,0.00000000,0.00000000,0.00000000,0.00000000,0.00000000,0.00000000,0.00000000,0.00000000,0.00000000,0.00000000,0.00000000,0.00000000,0.00000000,0.00000000,0.00000000,0.00000000,0.00000000,0.00000000,0.00000000,0.00000000,0.00000000,0.00000000,0.00000000,0.00000000,0.00000000,0.00000000,0.00000000,0.00000000,0.00000000,0.00000000,0.00000000,0.00000000,0.00000000,0.00000000,0.00000000,0.00000000,0.00000000,0.00000000,0.00000000,0.00000000,0.00000000,0.00000000,0.00000000,0.00000000,0.00000000,0.00000000,0.00000000,0.00000000,0.00000000,0.00000000,0.00000000,0.00000000,0.00000000,0.00000000,0.00000000,0.00000000,0.00000000,0.00000000,0.00000000,0.00000000,0.00000000,0.00000000,0.00000000,0.00000000,0.00000000,0.00000000,0.00000000,0.00000000,0.00000000,0.00000000,0.04349441,0.00244926,0.00515709,-0.00898149,0.00325530,-0.00423196,-0.00171700,-0.00428606,-0.00058347,0.00201698,0.00240109,-0.00219407,0.00017116,-0.03450767,-0.00226036,0.00030765,-0.00563298,0.00912542,-0.00546785,0.00621441,-0.00119067,-0.00923400,0.00111967,-0.00373663,0.00197496,0.00343976,0.00229224,0.00773576,-0.01001817,-0.00302667,0.00867088,0.00121634,0.00112206,0.00061057,-0.01226320,-0.01378734,-0.00078799,-0.00928739,0.00018476,-0.00276114,-0.00182925,-0.00194597,0.00271766,-0.00353288,-0.00340556,-0.00005027,-0.00471411,-0.00089119,-0.00466369,-0.00056650,-0.00309459,-0.00079779,-0.00773156,-0.00584973
0.00000000,0.00000000,0.00000000,0.00000000,0.00000000,0.00000000,0.00000000,0.00000000,0.00000000,0.00000000,0.00000000,0.00000000,0.00000000,0.00000000,0.00000000,0.00000000,0.00000000,0.00000000,0.00000000,0.00000000,0.00000000,0.00000000,0.00000000,0.00000000,0.00000000,0.00000000,0.00000000,0.00000000,0.00000000,0.00000000,0.00000000,0.00000000,0.00000000,0.00000000,0.00000000,0.00000000,0.00000000,0.00000000,0.00000000,0.00000000,0.00000000,0.00000000,0.00000000,0.00000000,0.00000000,0.00000000,0.00000000,0.00000000,0.00000000,0.00000000,0.00000000,0.00000000,0.00000000,0.00000000,0.00000000,0.00000000,0.00000000,0.00000000,0.00000000,0.00000000,0.00000000,0.00000000,0.00000000,0.00000000,0.00000000,0.00000000,0.00000000,0.00000000,0.00000000,0.00000000,0.00000000,0.00000000,0.00000000,0.00000000,0.00000000,0.05161255,0.00843397,0.00444347,-0.00545902,0.00188008,-0.01309813,-0.00287243,0.00595178,-0.00901426,-0.01148709,0.00176716,0.00827898,-0.00478695,0.00441227,-0.00295771,-0.00198560,-0.00462602,-0.00566531,-0.00027998,0.00852755,0.00670432,-0.00364905,-0.00768444,-0.00515440,0.00143873,-0.00877330,-0.00139253,-0.00944833,-0.00493369,-0.02102619,0.00501971,-0.01433152,-0.00041212,-0.00618304,-0.00440995,0.00274937,0.00659403,-0.00265456,-0.00065903,-0.00831529,0.00477824,-0.01096714,-0.01275950,0.00855158,-0.00005394,0.00573123,-0.00400905,0.00147794,0.00626842,-0.01141605,0.00525558,-0.00030073,-0.00277623
0.00000000,0.00000000,0.00000000,0.00000000,0.00000000,0.00000000,0.00000000,0.00000000,0.00000000,0.00000000,0.00000000,0.00000000,0.00000000,0.00000000,0.00000000,0.00000000,0.00000000,0.00000000,0.00000000,0.00000000,0.00000000,0.00000000,0.00000000,0.00000000,0.00000000,0.00000000,0.00000000,0.00000000,0.00000000,0.00000000,0.00000000,0.00000000,0.00000000,0.00000000,0.00000000,0.00000000,0.00000000,0.00000000,0.00000000,0.00000000,0.00000000,0.00000000,0.00000000,0.00000000,0.00000000,0.00000000,0.00000000,0.00000000,0.00000000,0.00000000,0.00000000,0.00000000,0.00000000,0.00000000,0.00000000,0.00000000,0.00000000,0.00000000,0.00000000,0.00000000,0.00000000,0.00000000,0.00000000,0.00000000,0.00000000,0.00000000,0.00000000,0.00000000,0.00000000,0.00000000,0.00000000,0.00000000,0.00000000,0.00000000,0.00000000,0.00000000,-0.02270120,-0.02122684,-0.00234524,0.00159043,0.00517151,0.00499373,-0.00365461,-0.05670287,0.01015445,0.00488643,0.00408997,0.00997538,0.01748607,0.01569426,-0.00363044,-0.01195378,0.00134681,0.00118114,0.00382211,-0.00307894,0.00153281,-0.00481211,0.00219222,-0.00385855,0.00456748,-0.00587553,-0.00849213,-0.00159613,-0.00018091,0.00499247,-0.01270188,0.00006210,0.03926502,-0.01574242,0.00927666,0.02352140,-0.01100930,-0.00491375,0.01099913,-0.00235253,0.01124035,0.00618171,-0.00284147,0.00450455,-0.00900808,-0.00631576,-0.00360391,0.01921415,0.01335139,-0.00506908,0.00822421,-0.00277812
0.00000000,0.00000000,0.00000000,0.00000000,0.00000000,0.00000000,0.00000000,0.00000000,0.00000000,0.00000000,0.00000000,0.00000000,0.00000000,0.00000000,0.00000000,0.00000000,0.00000000,0.00000000,0.00000000,0.00000000,0.00000000,0.00000000,0.00000000,0.00000000,0.00000000,0.00000000,0.00000000,0.00000000,0.00000000,0.00000000,0.00000000,0.00000000,0.00000000,0.00000000,0.00000000,0.00000000,0.00000000,0.00000000,0.00000000,0.00000000,0.00000000,0.00000000,0.00000000,0.00000000,0.00000000,0.00000000,0.00000000,0.00000000,0.00000000,0.00000000,0.00000000,0.00000000,0.00000000,0.00000000,0.00000000,0.00000000,0.00000000,0.00000000,0.00000000,0.00000000,0.00000000,0.00000000,0.00000000,0.00000000,0.00000000,0.00000000,0.00000000,0.00000000,0.00000000,0.00000000,0.00000000,0.00000000,0.00000000,0.00000000,0.00000000,0.00000000,0.00000000,0.06127765,-0.00275383,-0.00222512,0.00253666,-0.00948505,0.02212529,0.00521441,0.01162921,-0.01713769,0.00274671,-0.00154039,-0.00422571,0.00322351,0.00160875,-0.00263534,0.00700001,0.00208691,-0.01778460,0.00381420,0.00207342,0.03475576,0.00326218,-0.00577905,-0.01800290,0.01598251,-0.02255790,-0.00923138,0.01023841,0.00671412,-0.03693218,-0.00649552,0.00479263,0.01441540,-0.00226509,-0.00893823,0.01098291,0.00184178,-0.00134978,0.01662752,0.00506236,0.00512675,-0.00488188,0.00393918,-0.01199758,0.00376907,-0.00559793,-0.00581195,0.01301131,0.01823037,-0.00354802,0.00241058
0.00000000,0.00000000,0.00000000,0.00000000,0.00000000,0.00000000,0.00000000,0.00000000,0.00000000,0.00000000,0.00000000,0.00000000,0.00000000,0.00000000,0.00000000,0.00000000,0.00000000,0.00000000,0.00000000,0.00000000,0.00000000,0.00000000,0.00000000,0.00000000,0.00000000,0.00000000,0.00000000,0.00000000,0.00000000,0.00000000,0.00000000,0.00000000,0.00000000,0.00000000,0.00000000,0.00000000,0.00000000,0.00000000,0.00000000,0.00000000,0.00000000,0.00000000,0.00000000,0.00000000,0.00000000,0.00000000,0.00000000,0.00000000,0.00000000,0.00000000,0.00000000,0.00000000,0.00000000,0.00000000,0.00000000,0.00000000,0.00000000,0.00000000,0.00000000,0.00000000,0.00000000,0.00000000,0.00000000,0.00000000,0.00000000,0.00000000,0.00000000,0.00000000,0.00000000,0.00000000,0.00000000,0.00000000,0.00000000,0.00000000,0.00000000,0.00000000,0.00000000,0.00000000,0.05476684,0.00700457,0.00021282,0.00519782,-0.00031558,0.00058263,0.00250469,-0.00349809,0.00078149,-0.00496093,0.00403342,-0.00188988,-0.00220752,-0.00000083,0.01252520,0.00330279,0.00178904,-0.00591836,-0.00683347,0.01190354,-0.00177883,0.00237718,-0.00054630,0.00099296,-0.01466315,0.01255888,0.00214328,-0.00455088,0.01252806,0.00047311,-0.00183172,0.00297357,-0.00576965,0.00271106,-0.00610603,0.00671538,-0.00260251,-0.00029885,-0.00049772,-0.01444349,0.00768917,-0.00422900,-0.00248276,-0.00215407,-0.00234089,0.00018368,0.00404596,-0.00312432,0.00519322,-0.00237464
0.00000000,0.00000000,0.00000000,0.00000000,0.00000000,0.00000000,0.00000000,0.00000000,0.00000000,0.00000000,0.00000000,0.00000000,0.00000000,0.00000000,0.00000000,0.00000000,0.00000000,0.00000000,0.00000000,0.00000000,0.00000000,0.00000000,0.00000000,0.00000000,0.00000000,0.00000000,0.00000000,0.00000000,0.00000000,0.00000000,0.00000000,0.00000000,0.00000000,0.00000000,0.00000000,0.00000000,0.00000000,0.00000000,0.00000000,0.00000000,0.00000000,0.00000000,0.00000000,0.00000000,0.00000000,0.00000000,0.00000000,0.00000000,0.00000000,0.00000000,0.00000000,0.00000000,0.00000000,0.00000000,0.00000000,0.00000000,0.00000000,0.00000000,0.00000000,0.00000000,0.00000000,0.00000000,0.00000000,0.00000000,0.00000000,0.00000000,0.00000000,0.00000000,0.00000000,0.00000000,0.00000000,0.00000000,0.00000000,0.00000000,0.00000000,0.00000000,0.00000000,0.00000000,0.00000000,0.02199456,-0.00921567,0.00453609,-0.00920173,-0.00018819,-0.01604550,0.00271627,0.00710699,-0.00203443,-0.00121173,0.00094626,-0.00105220,0.01034288,-0.00442174,-0.00234025,-0.00467156,0.00187063,0.00115546,0.00119423,0.00646162,-0.00008805,0.00384616,0.00438881,-0.00222684,0.00665196,0.00437179,-0.00867243,-0.00097926,-0.00016695,-0.00254783,0.00646301,0.00487383,-0.00354322,-0.00833482,0.01697940,0.01089207,-0.00188311,0.00400323,-0.00201801,-0.00639689,0.00880982,0.00490287,-0.00052931,0.00256289,-0.00437569,-0.00454578,-0.00236261,-0.00426770,0.00070617
0.00000000,0.00000000,0.00000000,0.00000000,0.00000000,0.00000000,0.00000000,0.00000000,0.00000000,0.00000000,0.00000000,0.00000000,0.00000000,0.00000000,0.00000000,0.00000000,0.00000000,0.00000000,0.00000000,0.00000000,0.00000000,0.00000000,0.00000000,0.00000000,0.00000000,0.00000000,0.00000000,0.00000000,0.00000000,0.00000000,0.00000000,0.00000000,0.00000000,0.00000000,0.00000000,0.00000000,0.00000000,0.00000000,0.00000000,0.00000000,0.00000000,0.00000000,0.00000000,0.00000000,0.00000000,0.00000000,0.00000000,0.00000000,0.00000000,0.00000000,0.00000000,0.00000000,0.00000000,0.00000000,0.00000000,0.00000000,0.00000000,0.00000000,0.00000000,0.00000000,0.00000000,0.00000000,0.00000000,0.00000000,0.00000000,0.00000000,0.00000000,0.00000000,0.00000000,0.00000000,0.00000000,0.00000000,0.00000000,0.00000000,0.00000000,0.00000000,0.00000000,0.00000000,0.00000000,0.00000000,0.15717049,-0.00072896,0.00534351,0.00040616,0.01032040,-0.01033469,-0.00576269,-0.00170857,0.00025508,-0.00035213,-0.00090989,0.00490653,0.00134009,-0.00646940,-0.01006538,-0.00018145,0.00182226,-0.00580734,0.00363592,0.00089464,0.00451159,0.00022362,0.00569628,-0.00876590,-0.00028698,0.00778793,-0.00940530,-0.00098929,-0.00349858,0.00562702,0.00356316,0.00189687,0.00878485,-0.02758993,-0.00524758,-0.01239453,-0.00080948,-0.00518497,0.01627278,0.00315554,-0.02048137,-0.00556077,-0.00202831,-0.00114064,-0.00348254,-0.00490396,0.00012127,-0.00423379
0.00000000,0.00000000,0.00000000,0.00000000,0.00000000,0.00000000,0.00000000,0.00000000,0.00000000,0.00000000,0.00000000,0.00000000,0.00000000,0.00000000,0.00000000,0.00000000,0.00000000,0.00000000,0.00000000,0.00000000,0.00000000,0.00000000,0.00000000,0.00000000,0.00000000,0.00000000,0.00000000,0.00000000,0.00000000,0.00000000,0.00000000,0.00000000,0.00000000,0.00000000,0.00000000,0.00000000,0.00000000,0.00000000,0.00000000,0.00000000,0.00000000,0.00000000,0.00000000,0.00000000,0.00000000,0.00000000,0.00000000,0.00000000,0.00000000,0.00000000,0.00000000,0.00000000,0.00000000,0.00000000,0.00000000,0.00000000,0.00000000,0.00000000,0.00000000,0.00000000,0.00000000,0.00000000,0.00000000,0.00000000,0.00000000,0.00000000,0.00000000,0.00000000,0.00000000,0.00000000,0.00000000,0.00000000,0.00000000,0.00000000,0.00000000,0.00000000,0.00000000,0.00000000,0.00000000,0.00000000,0.00000000,0.07531677,-0.00416816,0.00381711,0.00191436,-0.00464040,0.00139585,-0.00399345,-0.01033100,-0.00442884,0.00256589,0.00215983,-0.00940870,-0.00010307,-0.00195897,0.00509937,0.00256828,-0.00721993,-0.00283632,-0.00632452,-0.00366251,0.00661764,0.00065861,0.01975690,0.00114148,-0.00438531,-0.00483150,-0.00726056,-0.01079204,0.00822661,0.01103034,-0.00368505,-0.00023149,-0.00096742,-0.00136742,0.00147473,-0.03291127,-0.00329039,-0.00571013,0.00004641,-0.00475978,-0.00353270,0.00250846,-0.00327835,0.00925187,0.00052323,-0.00104534,0.00483608
0.00000000,0.00000000,0.00000000,0.00000000,0.00000000,0.00000000,0.00000000,0.00000000,0.00000000,0.00000000,0.00000000,0.00000000,0.00000000,0.00000000,0.00000000,0.00000000,0.00000000,0.00000000,0.00000000,0.00000000,0.00000000,0.00000000,0.00000000,0.00000000,0.00000000,0.00000000,0.00000000,0.00000000,0.00000000,0.00000000,0.00000000,0.00000000,0.00000000,0.00000000,0.00000000,0.00000000,0.00000000,0.00000000,0.00000000,0.00000000,0.00000000,0.00000000,0.00000000,0.00000000,0.00000000,0.00000000,0.00000000,0.00000000,0.00000000,0.00000000,0.00000000,0.00000000,0.00000000,0.00000000,0.00000000,0.00000000,0.00000000,0.00000000,0.00000000,0.00000000,0.00000000,0.00000000,0.00000000,0.00000000,0.00000000,0.00000000,0.00000000,0.00000000,0.00000000,0.00000000,0.00000000,0.00000000,0.00000000,0.00000000,0.00000000,0.00000000,0.00000000,0.00000000,0.00000000,0.00000000,0.00000000,0.00000000,0.03042118,-0.00003172,0.00653843,-0.00496646,0.00342003,0.00006832,-0.00466907,0.01534096,0.01739007,-0.01566154,0.01235736,0.01460513,-0.02097506,-0.00030088,0.00526379,0.00506115,0.00217222,-0.01978468,-0.02003418,0.01661262,-0.02883142,-0.00140810,-0.00650767,-0.00126431,-0.01914887,-0.01714115,-0.00970949,-0.01068286,0.00507996,-0.00407331,-0.00147653,-0.00041055,0.00938632,-0.03176875,0.00199938,0.00921618,-0.02655687,0.01157478,-0.00276822,0.00079205,-0.00629888,-0.00894271,0.01542701,0.01106518,0.01494665,0.01818736
0.00000000,0.00000000,0.00000000,0.00000000,0.00000000,0.00000000,0.00000000,0.00000000,0.00000000,0.00000000,0.00000000,0.00000000,0.00000000,0.00000000,0.00000000,0.00000000,0.00000000,0.00000000,0.00000000,0.00000000,0.00000000,0.00000000,0.00000000,0.00000000,0.00000000,0.00000000,0.00000000,0.00000000,0.00000000,0.00000000,0.00000000,0.00000000,0.00000000,0.00000000,0.00000000,0.00000000,0.00000000,0.00000000,0.00000000,0.00000000,0.00000000,0.00000000,0.00000000,0.00000000,0.00000000,0.00000000,0.00000000,0.00000000,0.00000000,0.00000000,0.00000000,0.00000000,0.00000000,0.00000000,0.00000000,0.00000000,0.00000000,0.00000000,0.00000000,0.00000000,0.00000000,0.00000000,0.00000000,0.00000000,0.00000000,0.00000000,0.00000000,0.00000000,0.00000000,0.00000000,0.00000000,0.00000000,0.00000000,0.00000000,0.00000000,0.00000000,0.00000000,0.00000000,0.00000000,0.00000000,0.00000000,0.00000000,0.00000000,0.03638635,-0.00824716,-0.00192887,-0.00199720,0.00084317,0.00709684,0.00816429,0.00451692,0.01950361,-0.00270693,0.00127174,0.00020586,-0.01232657,-0.00390812,0.00275506,-0.00299094,0.00185612,0.00042364,-0.04212277,0.00534255,-0.00420460,-0.00364639,0.00385238,0.00488870,-0.00817422,-0.00777698,-0.00471154,-0.00348145,0.00836331,-0.00163894,-0.00010903,-0.00494345,-0.00209514,-0.01642559,-0.00184064,0.00304336,-0.00229969,-0.00056662,0.00078160,0.00721739,0.00322836,-0.00441869,0.00318861,-0.00378600,-0.00324261
0.00000000,0.00000000,0.00000000,0.00000000,0.00000000,0.00000000,0.00000000,0.00000000,0.00000000,0.00000000,0.00000000,0.00000000,0.00000000,0.00000000,0.00000000,0.00000000,0.00000000,0.00000000,0.00000000,0.00000000,0.00000000,0.00000000,0.00000000,0.00000000,0.00000000,0.00000000,0.00000000,0.00000000,0.00000000,0.00000000,0.00000000,0.00000000,0.00000000,0.00000000,0.00000000,0.00000000,0.00000000,0.00000000,0.00000000,0.00000000,0.00000000,0.00000000,0.00000000,0.00000000,0.00000000,0.00000000,0.00000000,0.00000000,0.00000000,0.00000000,0.00000000,0.00000000,0.00000000,0.00000000,0.00000000,0.00000000,0.00000000,0.00000000,0.00000000,0.00000000,0.00000000,0.00000000,0.00000000,0.00000000,0.00000000,0.00000000,0.00000000,0.00000000,0.00000000,0.00000000,0.00000000,0.00000000,0.00000000,0.00000000,0.00000000,0.00000000,0.00000000,0.00000000,0.00000000,0.00000000,0.00000000,0.00000000,0.00000000,0.00000000,-0.02730113,-0.00395249,0.00544750,0.00308292,-0.00637475,-0.00472396,0.00080051,-0.00303750,-0.00231693,0.00468011,-0.00160101,0.00551860,-0.00954517,0.01503048,-0.00366397,0.00216785,-0.00353823,-0.00779266,-0.00379209,-0.00390354,-0.00269503,-0.02590283,0.02496298,0.00536274,0.00813909,-0.01220125,0.00120027,0.00375597,0.01113412,-0.01042780,-0.00998994,0.00494111,0.00189263,-0.00021364,0.00495213,0.00133986,0.01259189,0.00074874,0.00465459,0.00194377,-0.01457822,0.00415504,-0.00390847,-0.00004463
0.00000000,0.00000000,0.00000000,0.00000000,0.00000000,0.00000000,0.00000000,0.00000000,0.00000000,0.00000000,0.00000000,0.00000000,0.00000000,0.00000000,0.00000000,0.00000000,0.00000000,0.00000000,0.00000000,0.00000000,0.00000000,0.00000000,0.00000000,0.00000000,0.00000000,0.00000000,0.00000000,0.00000000,0.00000000,0.00000000,0.00000000,0.00000000,0.00000000,0.00000000,0.00000000,0.00000000,0.00000000,0.00000000,0.00000000,0.00000000,0.00000000,0.00000000,0.00000000,0.00000000,0.00000000,0.00000000,0.00000000,0.00000000,0.00000000,0.00000000,0.00000000,0.00000000,0.00000000,0.00000000,0.00000000,0.00000000,0.00000000,0.00000000,0.00000000,0.00000000,0.00000000,0.00000000,0.00000000,0.00000000,0.00000000,0.00000000,0.00000000,0.00000000,0.00000000,0.00000000,0.00000000,0.00000000,0.00000000,0.00000000,0.00000000,0.00000000,0.00000000,0.00000000,0.00000000,0.00000000,0.00000000,0.00000000,0.00000000,0.00000000,0.00000000,0.01003551,0.00066071,-0.00660687,0.03679648,-0.00251952,-0.00027676,-0.00184664,-0.01520683,-0.00286193,-0.00965944,-0.00142013,-0.02689989,-0.00710994,-0.01363519,-0.00245170,0.00422583,0.00508435,-0.00242435,-0.00408591,0.00411121,-0.00097836,0.00378523,-0.00618729,-0.00216983,-0.00142271,-0.00258113,-0.00381410,0.02008921,0.00011587,0.00355753,-0.00683691,-0.00028308,0.01136874,-0.00250158,-0.02790237,0.04449135,-0.00561157,-0.00483055,0.00710547,0.03722529,-0.00342327,-0.00400577,0.00192965
0.00000000,0.00000000,0.00000000,0.00000000,0.00000000,0.00000000,0.00000000,0.00000000,0.00000000,0.00000000,0.00000000,0.00000000,0.00000000,0.00000000,0.00000000,0.00000000,0.00000000,0.00000000,0.00000000,0.00000000,0.00000000,0.00000000,0.00000000,0.00000000,0.00000000,0.00000000,0.00000000,0.00000000,0.00000000,0.00000000,0.00000000,0.00000000,0.00000000,0.00000000,0.00000000,0.00000000,0.00000000,0.00000000,0.00000000,0.00000000,0.00000000,0.00000000,0.00000000,0.00000000,0.00000000,0.00000000,0.00000000,0.00000000,0.00000000,0.00000000,0.00000000,0.00000000,0.00000000,0.00000000,0.00000000,0.00000000,0.00000000,0.00000000,0.00000000,0.00000000,0.00000000,0.00000000,0.00000000,0.00000000,0.00000000,0.00000000,0.00000000,0.00000000,0.00000000,0.00000000,0.00000000,0.00000000,0.00000000,0.00000000,0.00000000,0.00000000,0.00000000,0.00000000,0.00000000,0.00000000,0.00000000,0.00000000,0.00000000,0.00000000,0.00000000,0.00000000,0.03660000,0.01016872,-0.00182991,-0.00364113,-0.00252174,-0.01440163,-0.00775644,-0.00294353,-0.00648607,0.00422840,-0.00336401,0.01376683,-0.00540175,0.00077943,-0.00548164,-0.01014288,-0.00884019,0.00358556,-0.00178842,-0.00710086,-0.02560653,0.00319405,-0.00398121,-0.01144514,-0.00544022,0.00595815,-0.00478944,-0.00587340,-0.00983574,-0.00240517,-0.00395343,-0.01972021,0.00069770,-0.00145667,0.01059378,-0.00333757,-0.00297498,-0.00162211,-0.00600609,0.01458495,-0.00238984,-0.00635525
0.00000000,0.00000000,0.00000000,0.00000000,0.00000000,0.00000000,0.00000000,0.00000000,0.00000000,0.00000000,0.00000000,0.00000000,0.00000000,0.00000000,0.00000000,0.00000000,0.00000000,0.00000000,0.00000000,0.00000000,0.00000000,0.00000000,0.00000000,0.00000000,0.00000000,0.00000000,0.00000000,0.00000000,0.00000000,0.00000000,0.00000000,0.00000000,0.00000000,0.00000000,0.00000000,0.00000000,0.00000000,0.00000000,0.00000000,0.00000000,0.00000000,0.00000000,0.00000000,0.00000000,0.00000000,0.00000000,0.00000000,0.00000000,0.00000000,0.00000000,0.00000000,0.00000000,0.00000000,0.00000000,0.00000000,0.00000000,0.00000000,0.00000000,0.00000000,0.00000000,0.00000000,0.00000000,0.00000000,0.00000000,0.00000000,0.00000000,0.00000000,0.00000000,0.00000000,0.00000000,0.00000000,0.00000000,0.00000000,0.00000000,0.00000000,0.00000000,0.00000000,0.00000000,0.00000000,0.00000000,0.00000000,0.00000000,0.00000000,0.00000000,0.00000000,0.00000000,0.00000000,-0.01324892,-0.00750394,-0.00099802,0.00496725,0.00318942,0.01017396,-0.00587229,0.00043267,-0.00342708,-0.00279530,-0.00189894,-0.00362201,0.00308645,0.00108708,0.00092755,-0.00610187,-0.00531360,-0.00605638,-0.00597889,-0.00648744,-0.00093679,-0.00845707,-0.01125528,-0.00192081,-0.00617259,0.00403097,-0.00291817,-0.00196660,-0.00506985,0.00731421,0.00853664,0.00612449,-0.00000910,-0.00062693,-0.00141166,0.00012422,0.00041555,0.00168293,-0.00477495,0.00300516,0.02239573
0.00000000,0.00000000,0.00000000,0.00000000,0.00000000,0.00000000,0.00000000,0.00000000,0.00000000,0.00000000,0.00000000,0.00000000,0.00000000,0.00000000,0.00000000,0.00000000,0.00000000,0.00000000,0.00000000,0.00000000,0.00000000,0.00000000,0.00000000,0.00000000,0.00000000,0.00000000,0.00000000,0.00000000,0.00000000,0.00000000,0.00000000,0.00000000,0.00000000,0.00000000,0.00000000,0.00000000,0.00000000,0.00000000,0.00000000,0.00000000,0.00000000,0.00000000,0.00000000,0.00000000,0.00000000,0.00000000,0.00000000,0.00000000,0.00000000,0.00000000,0.00000000,0.00000000,0.00000000,0.00000000,0.00000000,0.00000000,0.00000000,0.00000000,0.00000000,0.00000000,0.00000000,0.00000000,0.00000000,0.00000000,0.00000000,0.00000000,0.00000000,0.00000000,0.00000000,0.00000000,0.00000000,0.00000000,0.00000000,0.00000000,0.00000000,0.00000000,0.00000000,0.00000000,0.00000000,0.00000000,0.00000000,0.00000000,0.00000000,0.00000000,0.00000000,0.00000000,0.00000000,0.00000000,-0.03708142,-0.00847597,-0.00060764,0.01338745,-0.00273504,-0.00199916,-0.00254330,0.00069693,0.02603237,-0.00222633,0.00203636,0.00129594,0.00110317,0.00093084,0.00176406,0.01027345,-0.00295522,-0.00303127,0.00104085,0.00497657,-0.00467550,-0.00608368,-0.00516129,-0.00562585,0.02572972,0.00632012,0.00714869,-0.00454979,-0.00977089,-0.00049121,-0.00450688,-0.04273677,0.02876517,-0.00372387,0.04684778,0.01794368,0.05646351,-0.00041519,-0.00171684,0.00243421
0.00000000,0.00000000,0.00000000,0.00000000,0.00000000,0.00000000,0.00000000,0.00000000,0.00000000,0.00000000,0.00000000,0.00000000,0.00000000,0.00000000,0.00000000,0.00000000,0.00000000,0.00000000,0.00000000,0.00000000,0.00000000,0.00000000,0.00000000,0.00000000,0.00000000,0.00000000,0.00000000,0.00000000,0.00000000,0.00000000,0.00000000,0.00000000,0.00000000,0.00000000,0.00000000,0.00000000,0.00000000,0.00000000,0.00000000,0.00000000,0.00000000,0.00000000,0.00000000,0.00000000,0.00000000,0.00000000,0.00000000,0.00000000,0.00000000,0.00000000,0.00000000,0.00000000,0.00000000,0.00000000,0.00000000,0.00000000,0.00000000,0.00000000,0.00000000,0.00000000,0.00000000,0.00000000,0.00000000,0.00000000,0.00000000,0.00000000,0.00000000,0.00000000,0.00000000,0.00000000,0.00000000,0.00000000,0.00000000,0.00000000,0.00000000,0.00000000,0.00000000,0.00000000,0.00000000,0.00000000,0.00000000,0.00000000,0.00000000,0.00000000,0.00000000,0.00000000,0.00000000,0.00000000,0.00000000,-0.02940514,-0.00187231,0.00405708,-0.00264783,0.00319545,-0.00547185,0.00576575,0.00884866,0.00279946,0.00420550,-0.04963331,-0.00093022,-0.01883567,-0.00085440,-0.00589534,0.00038424,-0.00448418,0.00028938,0.01008682,-0.00835134,-0.01196184,-0.00297096,-0.00482970,0.00002855,0.00189450,-0.00276262,-0.00936058,-0.01011865,-0.00558610,-0.00376870,0.00054033,0.00025428,-0.00163659,-0.02376976,0.00748072,-0.00291165,-0.00208205,0.00442302,0.00637148
0.00000000,0.00000000,0.00000000,0.00000000,0.00000000,0.00000000,0.00000000,0.00000000,0.00000000,0.00000000,0.00000000,0.00000000,0.00000000,0.00000000,0.00000000,0.00000000,0.00000000,0.00000000,0.00000000,0.00000000,0.00000000,0.00000000,0.00000000,0.00000000,0.00000000,0.00000000,0.00000000,0.00000000,0.00000000,0.00000000,0.00000000,0.00000000,0.00000000,0.00000000,0.00000000,0.00000000,0.00000000,0.00000000,0.00000000,0.00000000,0.00000000,0.00000000,0.00000000,0.00000000,0.00000000,0.00000000,0.00000000,0.00000000,0.00000000,0.00000000,0.00000000,0.00000000,0.00000000,0.00000000,0.00000000,0.00000000,0.00000000,0.00000000,0.00000000,0.00000000,0.00000000,0.00000000,0.00000000,0.00000000,0.00000000,0.00000000,0.00000000,0.00000000,0.00000000,0.00000000,0.00000000,0.00000000,0.00000000,0.00000000,0.00000000,0.00000000,0.00000000,0.00000000,0.00000000,0.00000000,0.00000000,0.00000000,0.00000000,0.00000000,0.00000000,0.00000000,0.00000000,0.00000000,0.00000000,0.00000000,-0.03847808,0.01177127,0.00304042,0.00965408,-0.00077667,0.00731848,0.00552728,0.00274367,0.00329320,0.07689749,-0.00709749,0.00782083,-0.00012493,-0.00493168,0.00084369,-0.00754062,0.00088473,-0.00104351,0.00537814,-0.01129474,-0.00266583,0.01079080,0.00053634,0.00000882,-0.00264969,-0.00827755,-0.00670406,-0.00432907,0.00053247,0.00035233,0.00161826,-0.00202205,-0.00376304,-0.00110989,0.00191877,0.00253058,-0.00559434,-0.07512323
0.00000000,0.00000000,0.00000000,0.00000000,0.00000000,0.00000000,0.00000000,0.00000000,0.00000000,0.00000000,0.00000000,0.00000000,0.00000000,0.00000000,0.00000000,0.00000000,0.00000000,0.00000000,0.00000000,0.00000000,0.00000000,0.00000000,0.00000000,0.00000000,0.00000000,0.00000000,0.00000000,0.00000000,0.00000000,0.00000000,0.00000000,0.00000000,0.00000000,0.00000000,0.00000000,0.00000000,0.00000000,0.00000000,0.00000000,0.00000000,0.00000000,0.00000000,0.00000000,0.00000000,0.00000000,0.00000000,0.00000000,0.00000000,0.00000000,0.00000000,0.00000000,0.00000000,0.00000000,0.00000000,0.00000000,0.00000000,0.00000000,0.00000000,0.00000000,0.00000000,0.00000000,0.00000000,0.00000000,0.00000000,0.00000000,0.00000000,0.00000000,0.00000000,0.00000000,0.00000000,0.00000000,0.00000000,0.00000000,0.00000000,0.00000000,0.00000000,0.00000000,0.00000000,0.00000000,0.00000000,0.00000000,0.00000000,0.00000000,0.00000000,0.00000000,0.00000000,0.00000000,0.00000000,0.00000000,0.00000000,0.00000000,0.00358701,0.00180911,-0.00347409,0.01408516,-0.00548176,-0.00585517,0.01869706,0.00289109,-0.01645480,-0.01383032,0.02021326,-0.00469071,-0.01181333,-0.01250129,-0.01033781,-0.01902613,-0.00388461,-0.01333574,0.02273375,0.00906048,-0.01177330,-0.01502958,-0.01199543,-0.00923518,-0.02632138,0.04301209,-0.00268645,0.02082490,-0.00379043,0.00974653,-0.00415540,-0.00575807,0.01730946,-0.00998483,-0.00048708,0.01551545,0.00153668
0.00000000,0.00000000,0.00000000,0.00000000,0.00000000,0.00000000,0.00000000,0.00000000,0.00000000,0.00000000,0.00000000,0.00000000,0.00000000,0.00000000,0.00000000,0.00000000,0.00000000,0.00000000,0.00000000,0.00000000,0.00000000,0.00000000,0.00000000,0.00000000,0.00000000,0.00000000,0.00000000,0.00000000,0.00000000,0.00000000,0.00000000,0.00000000,0.00000000,0.00000000,0.00000000,0.00000000,0.00000000,0.00000000,0.00000000,0.00000000,0.00000000,0.00000000,0.00000000,0.00000000,0.00000000,0.00000000,0.00000000,0.00000000,0.00000000,0.00000000,0.00000000,0.00000000,0.00000000,0.00000000,0.00000000,0.00000000,0.00000000,0.00000000,0.00000000,0.00000000,0.00000000,0.00000000,0.00000000,0.00000000,0.00000000,0.00000000,0.00000000,0.00000000,0.00000000,0.00000000,0.00000000,0.00000000,0.00000000,0.00000000,0.00000000,0.00000000,0.00000000,0.00000000,0.00000000,0.00000000,0.00000000,0.00000000,0.00000000,0.00000000,0.00000000,0.00000000,0.00000000,0.00000000,0.00000000,0.00000000,0.00000000,0.00000000,0.08849414,0.00949586,-0.00407278,0.00481625,-0.01964659,-0.00020003,0.00071547,-0.00266115,0.00063827,-0.00074935,0.01524676,-0.00271007,0.00321083,-0.00372218,-0.00225929,-0.00760132,0.00876251,-0.00713838,-0.00108798,-0.00026419,0.00251569,0.00357146,-0.01259862,-0.00981566,0.00011200,-0.00450678,-0.04874108,0.00203515,0.00065004,0.00185207,-0.00186693,0.00335134,-0.00550106,0.00071562,-0.00724581,-0.00073699
0.00000000,0.00000000,0.00000000,0.00000000,0.00000000,0.00000000,0.00000000,0.00000000,0.00000000,0.00000000,0.00000000,0.00000000,0.00000000,0.00000000,0.00000000,0.00000000,0.00000000,0.00000000,0.00000000,0.00000000,0.00000000,0.00000000,0.00000000,0.00000000,0.00000000,0.00000000,0.00000000,0.00000000,0.00000000,0.00000000,0.00000000,0.00000000,0.00000000,0.00000000,0.00000000,0.00000000,0.00000000,0.00000000,0.00000000,0.00000000,0.00000000,0.00000000,0.00000000,0.00000000,0.00000000,0.00000000,0.00000000,0.00000000,0.00000000,0.00000000,0.00000000,0.00000000,0.00000000,0.00000000,0.00000000,0.00000000,0.00000000,0.00000000,0.00000000,0.00000000,0.00000000,0.00000000,0.00000000,0.00000000,0.00000000,0.00000000,0.00000000,0.00000000,0.00000000,0.00000000,0.00000000,0.00000000,0.00000000,0.00000000,0.00000000,0.00000000,0.00000000,0.00000000,0.00000000,0.00000000,0.00000000,0.00000000,0.00000000,0.00000000,0.00000000,0.00000000,0.00000000,0.00000000,0.00000000,0.00000000,0.00000000,0.00000000,0.00000000,0.00417669,-0.00258479,0.00894584,0.00189924,-0.00161306,-0.00020947,-0.00893478,-0.00450557,0.00192184,0.00758057,0.00050812,-0.00193203,-0.00809108,0.00249438,-0.00631062,0.01494336,0.00175558,-0.01550551,0.00272152,0.00443338,-0.00058947,-0.00185172,-0.00722041,0.00319510,-0.00027459,0.00408553,-0.00057000,-0.00184440,-0.00013407,-0.00202197,0.00040721,-0.00056343,0.00462602,-0.00331600,0.02232956
0.00000000,0.00000000,0.00000000,0.00000000,0.00000000,0.00000000,0.00000000,0.00000000,0.00000000,0.00000000,0.00000000,0.00000000,0.00000000,0.00000000,0.00000000,0.00000000,0.00000000,0.00000000,0.00000000,0.00000000,0.00000000,0.00000000,0.00000000,0.00000000,0.00000000,0.00000000,0.00000000,0.00000000,0.00000000,0.00000000,0.00000000,0.00000000,0.00000000,0.00000000,0.00000000,0.00000000,0.00000000,0.00000000,0.00000000,0.00000000,0.00000000,0.00000000,0.00000000,0.00000000,0.00000000,0.00000000,0.00000000,0.00000000,0.00000000,0.00000000,0.00000000,0.00000000,0.00000000,0.00000000,0.00000000,0.00000000,0.00000000,0.00000000,0.00000000,0.00000000,0.00000000,0.00000000,0.00000000,0.00000000,0.00000000,0.00000000,0.00000000,0.00000000,0.00000000,0.00000000,0.00000000,0.00000000,0.00000000,0.00000000,0.00000000,0.00000000,0.00000000,0.00000000,0.00000000,0.00000000,0.00000000,0.00000000,0.00000000,0.00000000,0.00000000,0.00000000,0.00000000,0.00000000,0.00000000,0.00000000,0.00000000,0.00000000,0.00000000,0.00000000,0.06100584,0.01130783,-0.00510585,0.01126023,0.00082130,0.00111867,0.00654705,0.00422253,0.00289014,0.00377141,-0.00736189,-0.00369123,-0.00245330,0.00291404,0.02163981,-0.00365173,-0.00714175,0.00801227,0.00305539,-0.00317788,-0.00500173,-0.00533772,-0.01093205,-0.00376636,-0.00458417,0.00243374,-0.01821831,-0.00045148,-0.00073771,-0.00419145,-0.00905959,-0.00449577,0.00588033,-0.00009773
0.00000000,0.00000000,0.00000000,0.00000000,0.00000000,0.00000000,0.00000000,0.00000000,0.00000000,0.00000000,0.00000000,0.00000000,0.00000000,0.00000000,0.00000000,0.00000000,0.00000000,0.00000000,0.00000000,0.00000000,0.00000000,0.00000000,0.00000000,0.00000000,0.00000000,0.00000000,0.00000000,0.00000000,0.00000000,0.00000000,0.00000000,0.00000000,0.00000000,0.00000000,0.00000000,0.00000000,0.00000000,0.00000000,0.00000000,0.00000000,0.00000000,0.00000000,0.00000000,0.00000000,0.00000000,0.00000000,0.00000000,0.00000000,0.00000000,0.00000000,0.00000000,0.00000000,0.00000000,0.00000000,0.00000000,0.00000000,0.00000000,0.00000000,0.00000000,0.00000000,0.00000000,0.00000000,0.00000000,0.00000000,0.00000000,0.00000000,0.00000000,0.00000000,0.00000000,0.00000000,0.00000000,0.00000000,0.00000000,0.00000000,0.00000000,0.00000000,0.00000000,0.00000000,0.00000000,0.00000000,0.00000000,0.00000000,0.00000000,0.00000000,0.00000000,0.00000000,0.00000000,0.00000000,0.00000000,0.00000000,0.00000000,0.00000000,0.00000000,0.00000000,0.00000000,0.10501312,0.00158692,0.02114696,0.00338282,-0.00048434,-0.01170097,-0.02110300,-0.00063753,-0.01237297,-0.00404615,0.00309421,0.00129700,-0.00193555,-0.02419288,-0.01327005,-0.00524330,-0.03128954,0.00530610,-0.00333991,0.00668961,-0.00794642,-0.02382006,0.00239954,-0.00056029,0.00095608,-0.01424825,0.00040805,-0.00102061,-0.00058624,0.00424971,0.01016080,-0.01388748,0.00440613
0.00000000,0.00000000,0.00000000,0.00000000,0.00000000,0.00000000,0.00000000,0.00000000,0.00000000,0.00000000,0.00000000,0.00000000,0.00000000,0.00000000,0.00000000,0.00000000,0.00000000,0.00000000,0.00000000,0.00000000,0.00000000,0.00000000,0.00000000,0.00000000,0.00000000,0.00000000,0.00000000,0.00000000,0.00000000,0.00000000,0.00000000,0.00000000,0.00000000,0.00000000,0.00000000,0.00000000,0.00000000,0.00000000,0.00000000,0.00000000,0.00000000,0.00000000,0.00000000,0.00000000,0.00000000,0.00000000,0.00000000,0.00000000,0.00000000,0.00000000,0.00000000,0.00000000,0.00000000,0.00000000,0.00000000,0.00000000,0.00000000,0.00000000,0.00000000,0.00000000,0.00000000,0.00000000,0.00000000,0.00000000,0.00000000,0.00000000,0.00000000,0.00000000,0.00000000,0.00000000,0.00000000,0.00000000,0.00000000,0.00000000,0.00000000,0.00000000,0.00000000,0.00000000,0.00000000,0.00000000,0.00000000,0.00000000,0.00000000,0.00000000,0.00000000,0.00000000,0.00000000,0.00000000,0.00000000,0.00000000,0.00000000,0.00000000,0.00000000,0.00000000,0.00000000,0.00000000,-0.02962159,0.00136346,-0.02186175,-0.00020560,-0.00500211,-0.00309366,0.00312874,-0.02192356,-0.00507277,-0.00032373,-0.00135971,0.06489681,0.00113583,-0.00061600,-0.00020935,0.00293983,-0.00518641,0.00020026,0.01192295,-0.00361466,0.00112374,-0.00339671,-0.00237316,0.00196384,-0.00782112,0.00291099,-0.00025557,-0.02050348,0.00823499,-0.00311941,0.00164737,0.00079025
0.00000000,0.00000000,0.00000000,0.00000000,0.00000000,0.00000000,0.00000000,0.00000000,0.00000000,0.00000000,0.00000000,0.00000000,0.00000000,0.00000000,0.00000000,0.00000000,0.00000000,0.00000000,0.00000000,0.00000000,0.00000000,0.00000000,0.00000000,0.00000000,0.00000000,0.00000000,0.00000000,0.00000000,0.00000000,0.00000000,0.00000000,0.00000000,0.00000000,0.00000000,0.00000000,0.00000000,0.00000000,0.00000000,0.00000000,0.00000000,0.00000000,0.00000000,0.00000000,0.00000000,0.00000000,0.00000000,0.00000000,0.00000000,0.00000000,0.00000000,0.00000000,0.00000000,0.00000000,0.00000000,0.00000000,0.00000000,0.00000000,0.00000000,0.00000000,0.00000000,0.00000000,0.00000000,0.00000000,0.00000000,0.00000000,0.00000000,0.00000000,0.00000000,0.00000000,0.00000000,0.00000000,0.00000000,0.00000000,0.00000000,0.00000000,0.00000000,0.00000000,0.00000000,0.00000000,0.00000000,0.00000000,0.00000000,0.00000000,0.00000000,0.00000000,0.00000000,0.00000000,0.00000000,0.00000000,0.00000000,0.00000000,0.00000000,0.00000000,0.00000000,0.00000000,0.00000000,0.00000000,-0.02092809,-0.00123452,-0.00335737,0.00911709,0.02038987,0.00533821,-0.01635079,0.00151579,-0.01371698,0.00826678,0.00067672,0.01629567,0.00398305,0.00726055,0.01461237,-0.00099152,-0.00591130,0.01051706,0.01530845,-0.01950379,-0.00062175,-0.00811238,0.00458196,-0.01666053,0.00353645,-0.00319224,-0.00101993,0.01326194,-0.00562422,-0.01571814,0.00062603
0.00000000,0.00000000,0.00000000,0.00000000,0.00000000,0.00000000,0.00000000,0.00000000,0.00000000,0.00000000,0.00000000,0.00000000,0.00000000,0.00000000,0.00000000,0.00000000,0.00000000,0.00000000,0.00000000,0.00000000,0.00000000,0.00000000,0.00000000,0.00000000,0.00000000,0.00000000,0.00000000,0.00000000,0.00000000,0.00000000,0.00000000,0.00000000,0.00000000,0.00000000,0.00000000,0.00000000,0.00000000,0.00000000,0.00000000,0.00000000,0.00000000,0.00000000,0.00000000,0.00000000,0.00000000,0.00000000,0.00000000,0.00000000,0.00000000,0.00000000,0.00000000,0.00000000,0.00000000,0.00000000,0.00000000,0.00000000,0.00000000,0.00000000,0.00000000,0.00000000,0.00000000,0.00000000,0.00000000,0.00000000,0.00000000,0.00000000,0.00000000,0.00000000,0.00000000,0.00000000,0.00000000,0.00000000,0.00000000,0.00000000,0.00000000,0.00000000,0.00000000,0.00000000,0.00000000,0.00000000,0.00000000,0.00000000,0.00000000,0.00000000,0.00000000,0.00000000,0.00000000,0.00000000,0.00000000,0.00000000,0.00000000,0.00000000,0.00000000,0.00000000,0.00000000,0.00000000,0.00000000,0.00000000,0.03592873,-0.00554474,-0.00010964,-0.00198875,0.00247602,0.01559130,0.00135634,-0.00073094,-0.00483564,-0.01261330,0.00309509,-0.00068050,0.00110861,0.00440972,-0.01377425,-0.00417510,-0.01903658,-0.01684802,-0.00398965,0.00773736,-0.00576517,-0.02672347,0.00827535,-0.00058923,-0.00164410,-0.00580690,0.00647094,0.00048407,-0.00529825,0.00366669
0.00000000,0.00000000,0.00000000,0.00000000,0.00000000,0.00000000,0.00000000,0.00000000,0.00000000,0.00000000,0.00000000,0.00000000,0.00000000,0.00000000,0.00000000,0.00000000,0.00000000,0.00000000,0.00000000,0.00000000,0.00000000,0.00000000,0.00000000,0.00000000,0.00000000,0.00000000,0.00000000,0.00000000,0.00000000,0.00000000,0.00000000,0.00000000,0.00000000,0.00000000,0.00000000,0.00000000,0.00000000,0.00000000,0.00000000,0.00000000,0.00000000,0.00000000,0.00000000,0.00000000,0.00000000,0.00000000,0.00000000,0.00000000,0.00000000,0.00000000,0.00000000,0.00000000,0.00000000,0.00000000,0.00000000,0.00000000,0.00000000,0.00000000,0.00000000,0.00000000,0.00000000,0.00000000,0.00000000,0.00000000,0.00000000,0.00000000,0.00000000,0.00000000,0.00000000,0.00000000,0.00000000,0.00000000,0.00000000,0.00000000,0.00000000,0.00000000,0.00000000,0.00000000,0.00000000,0.00000000,0.00000000,0.00000000,0.00000000,0.00000000,0.00000000,0.00000000,0.00000000,0.00000000,0.00000000,0.00000000,0.00000000,0.00000000,0.00000000,0.00000000,0.00000000,0.00000000,0.00000000,0.00000000,0.00000000,0.11051319,-0.00239250,-0.02661652,0.00206382,0.00160364,-0.00282501,0.00559930,-0.00004556,0.00402425,-0.00091298,0.00835374,0.00326244,-0.00569869,-0.00031693,-0.00183998,-0.00038114,0.00499632,0.01572021,0.00194970,0.00233742,-0.00132983,-0.00258957,0.00163981,0.00747439,0.00074234,-0.00091446,0.00001933,0.00554108,-0.04321368
0.00000000,0.00000000,0.00000000,0.00000000,0.00000000,0.00000000,0.00000000,0.00000000,0.00000000,0.00000000,0.00000000,0.00000000,0.00000000,0.00000000,0.00000000,0.00000000,0.00000000,0.00000000,0.00000000,0.00000000,0.00000000,0.00000000,0.00000000,0.00000000,0.00000000,0.00000000,0.00000000,0.00000000,0.00000000,0.00000000,0.00000000,0.00000000,0.00000000,0.00000000,0.00000000,0.00000000,0.00000000,0.00000000,0.00000000,0.00000000,0.00000000,0.00000000,0.00000000,0.00000000,0.00000000,0.00000000,0.00000000,0.00000000,0.00000000,0.00000000,0.00000000,0.00000000,0.00000000,0.00000000,0.00000000,0.00000000,0.00000000,0.00000000,0.00000000,0.00000000,0.00000000,0.00000000,0.00000000,0.00000000,0.00000000,0.00000000,0.00000000,0.00000000,0.00000000,0.00000000,0.00000000,0.00000000,0.00000000,0.00000000,0.00000000,0.00000000,0.00000000,0.00000000,0.00000000,0.00000000,0.00000000,0.00000000,0.00000000,0.00000000,0.00000000,0.00000000,0.00000000,0.00000000,0.00000000,0.00000000,0.00000000,0.00000000,0.00000000,0.00000000,0.00000000,0.00000000,0.00000000,0.00000000,0.00000000,0.00000000,0.05833796,-0.00430722,-0.00751868,-0.00511580,-0.00166046,-0.00013780,-0.00160285,0.00091733,-0.00696184,0.00044920,0.00085653,-0.00257096,-0.00774469,-0.00872229,-0.00903309,-0.00265640,-0.00377986,-0.00968506,0.00335122,-0.00530891,0.00412142,-0.00465174,0.00151756,0.00134099,-0.00830880,-0.01870667,0.01275743,-0.00768386
0.00000000,0.00000000,0.00000000,0.00000000,0.00000000,0.00000000,0.00000000,0.00000000,0.00000000,0.00000000,0.00000000,0.00000000,0.00000000,0.00000000,0.00000000,0.00000000,0.00000000,0.00000000,0.00000000,0.00000000,0.00000000,0.00000000,0.00000000,0.00000000,0.00000000,0.00000000,0.00000000,0.00000000,0.00000000,0.00000000,0.00000000,0.00000000,0.00000000,0.00000000,0.00000000,0.00000000,0.00000000,0.00000000,0.00000000,0.00000000,0.00000000,0.00000000,0.00000000,0.00000000,0.00000000,0.00000000,0.00000000,0.00000000,0.00000000,0.00000000,0.00000000,0.00000000,0.00000000,0.00000000,0.00000000,0.00000000,0.00000000,0.00000000,0.00000000,0.00000000,0.00000000,0.00000000,0.00000000,0.00000000,0.00000000,0.00000000,0.00000000,0.00000000,0.00000000,0.00000000,0.00000000,0.00000000,0.00000000,0.00000000,0.00000000,0.00000000,0.00000000,0.00000000,0.00000000,0.00000000,0.00000000,0.00000000,0.00000000,0.00000000,0.00000000,0.00000000,0.00000000,0.00000000,0.00000000,0.00000000,0.00000000,0.00000000,0.00000000,0.00000000,0.00000000,0.00000000,0.00000000,0.00000000,0.00000000,0.00000000,0.00000000,-0.03408759,0.00606563,0.00212590,0.00139940,0.01185605,0.00300200,-0.00242170,-0.02229526,0.03735435,0.00391528,-0.01065142,-0.00649348,-0.00266855,-0.00295782,-0.00243552,0.00038724,-0.00572402,0.01073470,-0.00240395,0.01436751,-0.00279575,-0.01429128,0.00519941,-0.00324715,0.00973495,-0.00927834,0.00381988
0.00000000,0.00000000,0.00000000,0.00000000,0.00000000,0.00000000,0.00000000,0.00000000,0.00000000,0.00000000,0.00000000,0.00000000,0.00000000,0.00000000,0.00000000,0.00000000,0.00000000,0.00000000,0.00000000,0.00000000,0.00000000,0.00000000,0.00000000,0.00000000,0.00000000,0.00000000,0.00000000,0.00000000,0.00000000,0.00000000,0.00000000,0.00000000,0.00000000,0.00000000,0.00000000,0.00000000,0.00000000,0.00000000,0.00000000,0.00000000,0.00000000,0.00000000,0.00000000,0.00000000,0.00000000,0.00000000,0.00000000,0.00000000,0.00000000,0.00000000,0.00000000,0.00000000,0.00000000,0.00000000,0.00000000,0.00000000,0.00000000,0.00000000,0.00000000,0.00000000,0.00000000,0.00000000,0.00000000,0.00000000,0.00000000,0.00000000,0.00000000,0.00000000,0.00000000,0.00000000,0.00000000,0.00000000,0.00000000,0.00000000,0.00000000,0.00000000,0.00000000,0.00000000,0.00000000,0.00000000,0.00000000,0.00000000,0.00000000,0.00000000,0.00000000,0.00000000,0.00000000,0.00000000,0.00000000,0.00000000,0.00000000,0.00000000,0.00000000,0.00000000,0.00000000,0.00000000,0.00000000,0.00000000,0.00000000,0.00000000,0.00000000,0.00000000,0.08009133,0.00138056,0.01063574,0.00799814,-0.07214763,-0.00351658,-0.00499787,0.02235026,0.01585983,-0.00478481,0.00212600,-0.00546397,0.00485611,0.01621840,0.00860756,-0.01013583,-0.01122627,0.00131405,-0.01197889,0.00013831,0.00015185,-0.00422150,0.01049514,0.00975856,0.00421228,-0.00001467
0.00000000,0.00000000,0.00000000,0.00000000,0.00000000,0.00000000,0.00000000,0.00000000,0.00000000,0.00000000,0.00000000,0.00000000,0.00000000,0.00000000,0.00000000,0.00000000,0.00000000,0.00000000,0.00000000,0.00000000,0.00000000,0.00000000,0.00000000,0.00000000,0.00000000,0.00000000,0.00000000,0.00000000,0.00000000,0.00000000,0.00000000,0.00000000,0.00000000,0.00000000,0.00000000,0.00000000,0.00000000,0.00000000,0.00000000,0.00000000,0.00000000,0.00000000,0.00000000,0.00000000,0.00000000,0.00000000,0.00000000,0.00000000,0.00000000,0.00000000,0.00000000,0.00000000,0.00000000,0.00000000,0.00000000,0.00000000,0.00000000,0.00000000,0.00000000,0.00000000,0.00000000,0.00000000,0.00000000,0.00000000,0.00000000,0.00000000,0.00000000,0.00000000,0.00000000,0.00000000,0.00000000,0.00000000,0.00000000,0.00000000,0.00000000,0.00000000,0.00000000,0.00000000,0.00000000,0.00000000,0.00000000,0.00000000,0.00000000,0.00000000,0.00000000,0.00000000,0.00000000,0.00000000,0.00000000,0.00000000,0.00000000,0.00000000,0.00000000,0.00000000,0.00000000,0.00000000,0.00000000,0.00000000,0.00000000,0.00000000,0.00000000,0.00000000,0.00000000,0.07317396,-0.00410658,-0.00104970,-0.01589164,0.00859785,-0.00718292,0.00119956,-0.00730003,-0.01397771,-0.01399351,-0.00818698,0.00504697,0.03024189,0.02866422,0.10245175,-0.02268502,-0.00131019,-0.02457215,-0.00530440,-0.00446027,0.00358521,0.01146799,0.00243718,0.00171454,-0.00416144
0.00000000,0.00000000,0.00000000,0.00000000,0.00000000,0.00000000,0.00000000,0.00000000,0.00000000,0.00000000,0.00000000,0.00000000,0.00000000,0.00000000,0.00000000,0.00000000,0.00000000,0.00000000,0.00000000,0.00000000,0.00000000,0.00000000,0.00000000,0.00000000,0.00000000,0.00000000,0.00000000,0.00000000,0.00000000,0.00000000,0.00000000,0.00000000,0.00000000,0.00000000,0.00000000,0.00000000,0.00000000,0.00000000,0.00000000,0.00000000,0.00000000,0.00000000,0.00000000,0.00000000,0.00000000,0.00000000,0.00000000,0.00000000,0.00000000,0.00000000,0.00000000,0.00000000,0.00000000,0.00000000,0.00000000,0.00000000,0.00000000,0.00000000,0.00000000,0.00000000,0.00000000,0.00000000,0.00000000,0.00000000,0.00000000,0.00000000,0.00000000,0.00000000,0.00000000,0.00000000,0.00000000,0.00000000,0.00000000,0.00000000,0.00000000,0.00000000,0.00000000,0.00000000,0.00000000,0.00000000,0.00000000,0.00000000,0.00000000,0.00000000,0.00000000,0.00000000,0.00000000,0.00000000,0.00000000,0.00000000,0.00000000,0.00000000,0.00000000,0.00000000,0.00000000,0.00000000,0.00000000,0.00000000,0.00000000,0.00000000,0.00000000,0.00000000,0.00000000,0.00000000,0.08122260,-0.05717888,0.00222553,-0.00690454,0.00442620,-0.00286729,0.00160820,-0.00754945,0.00525845,-0.00823129,0.00575972,-0.01124098,0.01319861,-0.00376549,-0.00782282,-0.00200534,0.01086442,-0.00126947,0.00218496,-0.00112324,0.00164463,0.00224403,0.00104916,0.00184942
0.00000000,0.00000000,0.00000000,0.00000000,0.00000000,0.00000000,0.00000000,0.00000000,0.00000000,0.00000000,0.00000000,0.00000000,0.00000000,0.00000000,0.00000000,0.00000000,0.00000000,0.00000000,0.00000000,0.00000000,0.00000000,0.00000000,0.00000000,0.00000000,0.00000000,0.00000000,0.00000000,0.00000000,0.00000000,0.00000000,0.00000000,0.00000000,0.00000000,0.00000000,0.00000000,0.00000000,0.00000000,0.00000000,0.00000000,0.00000000,0.00000000,0.00000000,0.00000000,0.00000000,0.00000000,0.00000000,0.00000000,0.00000000,0.00000000,0.00000000,0.00000000,0.00000000,0.00000000,0.00000000,0.00000000,0.00000000,0.00000000,0.00000000,0.00000000,0.00000000,0.00000000,0.00000000,0.00000000,0.00000000,0.00000000,0.00000000,0.00000000,0.00000000,0.00000000,0.00000000,0.00000000,0.00000000,0.00000000,0.00000000,0.00000000,0.00000000,0.00000000,0.00000000,0.00000000,0.00000000,0.00000000,0.00000000,0.00000000,0.00000000,0.00000000,0.00000000,0.00000000,0.00000000,0.00000000,0.00000000,0.00000000,0.00000000,0.00000000,0.00000000,0.00000000,0.00000000,0.00000000,0.00000000,0.00000000,0.00000000,0.00000000,0.00000000,0.00000000,0.00000000,0.00000000,0.08305401,-0.00929469,-0.00148413,0.00207816,-0.00521145,0.00016793,0.00660800,-0.00515315,0.02571626,-0.00167303,-0.00316758,0.00178674,-0.00058140,0.00359361,0.00140161,0.00028840,-0.00023102,-0.00457147,-0.00536678,0.00941845,-0.00638761,-0.00003402,-0.00837259
0.00000000,0.00000000,0.00000000,0.00000000,0.00000000,0.00000000,0.00000000,0.00000000,0.00000000,0.00000000,0.00000000,0.00000000,0.00000000,0.00000000,0.00000000,0.00000000,0.00000000,0.00000000,0.00000000,0.00000000,0.00000000,0.00000000,0.00000000,0.00000000,0.00000000,0.00000000,0.00000000,0.00000000,0.00000000,0.00000000,0.00000000,0.00000000,0.00000000,0.00000000,0.00000000,0.00000000,0.00000000,0.00000000,0.00000000,0.00000000,0.00000000,0.00000000,0.00000000,0.00000000,0.00000000,0.00000000,0.00000000,0.00000000,0.00000000,0.00000000,0.00000000,0.00000000,0.00000000,0.00000000,0.00000000,0.00000000,0.00000000,0.00000000,0.00000000,0.00000000,0.00000000,0.00000000,0.00000000,0.00000000,0.00000000,0.00000000,0.00000000,0.00000000,0.00000000,0.00000000,0.00000000,0.00000000,0.00000000,0.00000000,0.00000000,0.00000000,0.00000000,0.00000000,0.00000000,0.00000000,0.00000000,0.00000000,0.00000000,0.00000000,0.00000000,0.00000000,0.00000000,0.00000000,0.00000000,0.00000000,0.00000000,0.00000000,0.00000000,0.00000000,0.00000000,0.00000000,0.00000000,0.00000000,0.00000000,0.00000000,0.00000000,0.00000000,0.00000000,0.00000000,0.00000000,0.00000000,-0.00385748,-0.00366336,0.00455967,0.01425023,0.01290896,0.00032232,0.00858080,-0.01115108,0.02306696,-0.00199152,0.01077311,0.06680851,-0.01532108,-0.00436574,0.00957293,0.00232254,-0.00208761,-0.00791150,0.00941125,-0.01103397,0.00140118,0.00207275
0.00000000,0.00000000,0.00000000,0.00000000,0.00000000,0.00000000,0.00000000,0.00000000,0.00000000,0.00000000,0.00000000,0.00000000,0.00000000,0.00000000,0.00000000,0.00000000,0.00000000,0.00000000,0.00000000,0.00000000,0.00000000,0.00000000,0.00000000,0.00000000,0.00000000,0.00000000,0.00000000,0.00000000,0.00000000,0.00000000,0.00000000,0.00000000,0.00000000,0.00000000,0.00000000,0.00000000,0.00000000,0.00000000,0.00000000,0.00000000,0.00000000,0.00000000,0.00000000,0.00000000,0.00000000,0.00000000,0.00000000,0.00000000,0.00000000,0.00000000,0.00000000,0.00000000,0.00000000,0.00000000,0.00000000,0.00000000,0.00000000,0.00000000,0.00000000,0.00000000,0.00000000,0.00000000,0.00000000,0.00000000,0.00000000,0.00000000,0.00000000,0.00000000,0.00000000,0.00000000,0.00000000,0.00000000,0.00000000,0.00000000,0.00000000,0.00000000,0.00000000,0.00000000,0.00000000,0.00000000,0.00000000,0.00000000,0.00000000,0.00000000,0.00000000,0.00000000,0.00000000,0.00000000,0.00000000,0.00000000,0.00000000,0.00000000,0.00000000,0.00000000,0.00000000,0.00000000,0.00000000,0.00000000,0.00000000,0.00000000,0.00000000,0.00000000,0.00000000,0.00000000,0.00000000,0.00000000,0.00000000,0.08802009,-0.00532813,-0.00038936,0.00153051,-0.00373539,0.00954464,-0.00174584,0.00423701,0.00173412,0.00436219,-0.00013511,0.00484459,-0.00228757,0.02089540,-0.02363857,0.00774801,-0.04823796,-0.02182742,0.00322696,-0.00140561,-0.00621504
0.00000000,0.00000000,0.00000000,0.00000000,0.00000000,0.00000000,0.00000000,0.00000000,0.00000000,0.00000000,0.00000000,0.00000000,0.00000000,0.00000000,0.00000000,0.00000000,0.00000000,0.00000000,0.00000000,0.00000000,0.00000000,0.00000000,0.00000000,0.00000000,0.00000000,0.00000000,0.00000000,0.00000000,0.00000000,0.00000000,0.00000000,0.00000000,0.00000000,0.00000000,0.00000000,0.00000000,0.00000000,0.00000000,0.00000000,0.00000000,0.00000000,0.00000000,0.00000000,0.00000000,0.00000000,0.00000000,0.00000000,0.00000000,0.00000000,0.00000000,0.00000000,0.00000000,0.00000000,0.00000000,0.00000000,0.00000000,0.00000000,0.00000000,0.00000000,0.00000000,0.00000000,0.00000000,0.00000000,0.00000000,0.00000000,0.00000000,0.00000000,0.00000000,0.00000000,0.00000000,0.00000000,0.00000000,0.00000000,0.00000000,0.00000000,0.00000000,0.00000000,0.00000000,0.00000000,0.00000000,0.00000000,0.00000000,0.00000000,0.00000000,0.00000000,0.00000000,0.00000000,0.00000000,0.00000000,0.00000000,0.00000000,0.00000000,0.00000000,0.00000000,0.00000000,0.00000000,0.00000000,0.00000000,0.00000000,0.00000000,0.00000000,0.00000000,0.00000000,0.00000000,0.00000000,0.00000000,0.00000000,0.00000000,0.02986754,-0.02479494,-0.01000316,-0.04145118,0.00035160,-0.01082795,-0.01189254,-0.02467279,0.00087510,0.00323462,0.03715179,0.00011447,0.00229958,-0.00620517,0.00628077,0.00189868,-0.00342218,-0.00411361,0.00069004,0.01060977
0.00000000,0.00000000,0.00000000,0.00000000,0.00000000,0.00000000,0.00000000,0.00000000,0.00000000,0.00000000,0.00000000,0.00000000,0.00000000,0.00000000,0.00000000,0.00000000,0.00000000,0.00000000,0.00000000,0.00000000,0.00000000,0.00000000,0.00000000,0.00000000,0.00000000,0.00000000,0.00000000,0.00000000,0.00000000,0.00000000,0.00000000,0.00000000,0.00000000,0.00000000,0.00000000,0.00000000,0.00000000,0.00000000,0.00000000,0.00000000,0.00000000,0.00000000,0.00000000,0.00000000,0.00000000,0.00000000,0.00000000,0.00000000,0.00000000,0.00000000,0.00000000,0.00000000,0.00000000,0.00000000,0.00000000,0.00000000,0.00000000,0.00000000,0.00000000,0.00000000,0.00000000,0.00000000,0.00000000,0.00000000,0.00000000,0.00000000,0.00000000,0.00000000,0.00000000,0.00000000,0.00000000,0.00000000,0.00000000,0.00000000,0.00000000,0.00000000,0.00000000,0.00000000,0.00000000,0.00000000,0.00000000,0.00000000,0.00000000,0.00000000,0.00000000,0.00000000,0.00000000,0.00000000,0.00000000,0.00000000,0.00000000,0.00000000,0.00000000,0.00000000,0.00000000,0.00000000,0.00000000,0.00000000,0.00000000,0.00000000,0.00000000,0.00000000,0.00000000,0.00000000,0.00000000,0.00000000,0.00000000,0.00000000,0.00000000,-0.02717580,-0.00703350,0.00489479,0.00912868,0.01109778,-0.00590544,0.00171887,-0.02168987,-0.00151453,0.00084500,-0.00027599,0.00747264,-0.00212191,-0.01230917,-0.00805463,-0.01259887,0.00393082,-0.00168919,-0.00764624
0.00000000,0.00000000,0.00000000,0.00000000,0.00000000,0.00000000,0.00000000,0.00000000,0.00000000,0.00000000,0.00000000,0.00000000,0.00000000,0.00000000,0.00000000,0.00000000,0.00000000,0.00000000,0.00000000,0.00000000,0.00000000,0.00000000,0.00000000,0.00000000,0.00000000,0.00000000,0.00000000,0.00000000,0.00000000,0.00000000,0.00000000,0.00000000,0.00000000,0.00000000,0.00000000,0.00000000,0.00000000,0.00000000,0.00000000,0.00000000,0.00000000,0.00000000,0.00000000,0.00000000,0.00000000,0.00000000,0.00000000,0.00000000,0.00000000,0.00000000,0.00000000,0.00000000,0.00000000,0.00000000,0.00000000,0.00000000,0.00000000,0.00000000,0.00000000,0.00000000,0.00000000,0.00000000,0.00000000,0.00000000,0.00000000,0.00000000,0.00000000,0.00000000,0.00000000,0.00000000,0.00000000,0.00000000,0.00000000,0.00000000,0.00000000,0.00000000,0.00000000,0.00000000,0.00000000,0.00000000,0.00000000,0.00000000,0.00000000,0.00000000,0.00000000,0.00000000,0.00000000,0.00000000,0.00000000,0.00000000,0.00000000,0.00000000,0.00000000,0.00000000,0.00000000,0.00000000,0.00000000,0.00000000,0.00000000,0.00000000,0.00000000,0.00000000,0.00000000,0.00000000,0.00000000,0.00000000,0.00000000,0.00000000,0.00000000,0.00000000,0.07684423,-0.00083193,-0.00090552,-0.00856303,-0.00846599,-0.00019591,0.00525978,-0.00487515,-0.01990915,-0.00455539,0.00234937,-0.00248094,-0.00244743,-0.00359509,-0.00246766,-0.00283639,-0.00315479,-0.00242760
0.00000000,0.00000000,0.00000000,0.00000000,0.00000000,0.00000000,0.00000000,0.00000000,0.00000000,0.00000000,0.00000000,0.00000000,0.00000000,0.00000000,0.00000000,0.00000000,0.00000000,0.00000000,0.00000000,0.00000000,0.00000000,0.00000000,0.00000000,0.00000000,0.00000000,0.00000000,0.00000000,0.00000000,0.00000000,0.00000000,0.00000000,0.00000000,0.00000000,0.00000000,0.00000000,0.00000000,0.00000000,0.00000000,0.00000000,0.00000000,0.00000000,0.00000000,0.00000000,0.00000000,0.00000000,0.00000000,0.00000000,0.00000000,0.00000000,0.00000000,0.00000000,0.00000000,0.00000000,0.00000000,0.00000000,0.00000000,0.00000000,0.00000000,0.00000000,0.00000000,0.00000000,0.00000000,0.00000000,0.00000000,0.00000000,0.00000000,0.00000000,0.00000000,0.00000000,0.00000000,0.00000000,0.00000000,0.00000000,0.00000000,0.00000000,0.00000000,0.00000000,0.00000000,0.00000000,0.00000000,0.00000000,0.00000000,0.00000000,0.00000000,0.00000000,0.00000000,0.00000000,0.00000000,0.00000000,0.00000000,0.00000000,0.00000000,0.00000000,0.00000000,0.00000000,0.00000000,0.00000000,0.00000000,0.00000000,0.00000000,0.00000000,0.00000000,0.00000000,0.00000000,0.00000000,0.00000000,0.00000000,0.00000000,0.00000000,0.00000000,0.00000000,0.05967669,0.00253208,-0.00488133,-0.00454597,-0.00689820,0.04473803,0.00296462,-0.00269046,0.00124151,-0.01679324,-0.00007480,0.00693740,-0.00103477,-0.00009613,0.00265361,-0.02237697,0.00948442
0.00000000,0.00000000,0.00000000,0.00000000,0.00000000,0.00000000,0.00000000,0.00000000,0.00000000,0.00000000,0.00000000,0.00000000,0.00000000,0.00000000,0.00000000,0.00000000,0.00000000,0.00000000,0.00000000,0.00000000,0.00000000,0.00000000,0.00000000,0.00000000,0.00000000,0.00000000,0.00000000,0.00000000,0.00000000,0.00000000,0.00000000,0.00000000,0.00000000,0.00000000,0.00000000,0.00000000,0.00000000,0.00000000,0.00000000,0.00000000,0.00000000,0.00000000,0.00000000,0.00000000,0.00000000,0.00000000,0.00000000,0.00000000,0.00000000,0.00000000,0.00000000,0.00000000,0.00000000,0.00000000,0.00000000,0.00000000,0.00000000,0.00000000,0.00000000,0.00000000,0.00000000,0.00000000,0.00000000,0.00000000,0.00000000,0.00000000,0.00000000,0.00000000,0.00000000,0.00000000,0.00000000,0.00000000,0.00000000,0.00000000,0.00000000,0.00000000,0.00000000,0.00000000,0.00000000,0.00000000,0.00000000,0.00000000,0.00000000,0.00000000,0.00000000,0.00000000,0.00000000,0.00000000,0.00000000,0.00000000,0.00000000,0.00000000,0.00000000,0.00000000,0.00000000,0.00000000,0.00000000,0.00000000,0.00000000,0.00000000,0.00000000,0.00000000,0.00000000,0.00000000,0.00000000,0.00000000,0.00000000,0.00000000,0.00000000,0.00000000,0.00000000,0.00000000,-0.01107279,-0.00610653,-0.00294269,0.00266685,0.00760004,-0.00362041,-0.00244283,0.02159517,-0.01054764,-0.00043193,-0.00834078,-0.01181302,0.02368374,0.00206864,0.00509200,-0.00192232
0.00000000,0.00000000,0.00000000,0.00000000,0.00000000,0.00000000,0.00000000,0.00000000,0.00000000,0.00000000,0.00000000,0.00000000,0.00000000,0.00000000,0.00000000,0.00000000,0.00000000,0.00000000,0.00000000,0.00000000,0.00000000,0.00000000,0.00000000,0.00000000,0.00000000,0.00000000,0.00000000,0.00000000,0.00000000,0.00000000,0.00000000,0.00000000,0.00000000,0.00000000,0.00000000,0.00000000,0.00000000,0.00000000,0.00000000,0.00000000,0.00000000,0.00000000,0.00000000,0.00000000,0.00000000,0.00000000,0.00000000,0.00000000,0.00000000,0.00000000,0.00000000,0.00000000,0.00000000,0.00000000,0.00000000,0.00000000,0.00000000,0.00000000,0.00000000,0.00000000,0.00000000,0.00000000,0.00000000,0.00000000,0.00000000,0.00000000,0.00000000,0.00000000,0.00000000,0.00000000,0.00000000,0.00000000,0.00000000,0.00000000,0.00000000,0.00000000,0.00000000,0.00000000,0.00000000,0.00000000,0.00000000,0.00000000,0.00000000,0.00000000,0.00000000,0.00000000,0.00000000,0.00000000,0.00000000,0.00000000,0.00000000,0.00000000,0.00000000,0.00000000,0.00000000,0.00000000,0.00000000,0.00000000,0.00000000,0.00000000,0.00000000,0.00000000,0.00000000,0.00000000,0.00000000,0.00000000,0.00000000,0.00000000,0.00000000,0.00000000,0.00000000,0.00000000,0.00000000,0.13026547,-0.00177602,0.00088956,0.00519996,0.00449590,-0.00423058,-0.00121058,0.00110796,-0.00242822,-0.00189498,0.00460776,0.00121470,0.00003451,-0.00038057,-0.00113610
0.00000000,0.00000000,0.00000000,0.00000000,0.00000000,0.00000000,0.00000000,0.00000000,0.00000000,0.00000000,0.00000000,0.00000000,0.00000000,0.00000000,0.00000000,0.00000000,0.00000000,0.00000000,0.00000000,0.00000000,0.00000000,0.00000000,0.00000000,0.00000000,0.00000000,0.00000000,0.00000000,0.00000000,0.00000000,0.00000000,0.00000000,0.00000000,0.00000000,0.00000000,0.00000000,0.00000000,0.00000000,0.00000000,0.00000000,0.00000000,0.00000000,0.00000000,0.00000000,0.00000000,0.00000000,0.00000000,0.00000000,0.00000000,0.00000000,0.00000000,0.00000000,0.00000000,0.00000000,0.00000000,0.00000000,0.00000000,0.00000000,0.00000000,0.00000000,0.00000000,0.00000000,0.00000000,0.00000000,0.00000000,0.00000000,0.00000000,0.00000000,0.00000000,0.00000000,0.00000000,0.00000000,0.00000000,0.00000000,0.00000000,0.00000000,0.00000000,0.00000000,0.00000000,0.00000000,0.00000000,0.00000000,0.00000000,0.00000000,0.00000000,0.00000000,0.00000000,0.00000000,0.00000000,0.00000000,0.00000000,0.00000000,0.00000000,0.00000000,0.00000000,0.00000000,0.00000000,0.00000000,0.00000000,0.00000000,0.00000000,0.00000000,0.00000000,0.00000000,0.00000000,0.00000000,0.00000000,0.00000000,0.00000000,0.00000000,0.00000000,0.00000000,0.00000000,0.00000000,0.00000000,0.06725765,0.00412600,0.00416932,-0.02411612,0.00144861,-0.01471384,0.00774001,0.00315778,-0.00338622,0.00934176,0.00455146,0.00395726,0.00140966,-0.00467950
0.00000000,0.00000000,0.00000000,0.00000000,0.00000000,0.00000000,0.00000000,0.00000000,0.00000000,0.00000000,0.00000000,0.00000000,0.00000000,0.00000000,0.00000000,0.00000000,0.00000000,0.00000000,0.00000000,0.00000000,0.00000000,0.00000000,0.00000000,0.00000000,0.00000000,0.00000000,0.00000000,0.00000000,0.00000000,0.00000000,0.00000000,0.00000000,0.00000000,0.00000000,0.00000000,0.00000000,0.00000000,0.00000000,0.00000000,0.00000000,0.00000000,0.00000000,0.00000000,0.00000000,0.00000000,0.00000000,0.00000000,0.00000000,0.00000000,0.00000000,0.00000000,0.00000000,0.00000000,0.00000000,0.00000000,0.00000000,0.00000000,0.00000000,0.00000000,0.00000000,0.00000000,0.00000000,0.00000000,0.00000000,0.00000000,0.00000000,0.00000000,0.00000000,0.00000000,0.00000000,0.00000000,0.00000000,0.00000000,0.00000000,0.00000000,0.00000000,0.00000000,0.00000000,0.00000000,0.00000000,0.00000000,0.00000000,0.00000000,0.00000000,0.00000000,0.00000000,0.00000000,0.00000000,0.00000000,0.00000000,0.00000000,0.00000000,0.00000000,0.00000000,0.00000000,0.00000000,0.00000000,0.00000000,0.00000000,0.00000000,0.00000000,0.00000000,0.00000000,0.00000000,0.00000000,0.00000000,0.00000000,0.00000000,0.00000000,0.00000000,0.00000000,0.00000000,0.00000000,0.00000000,0.00000000,0.01416524,0.01130218,0.01122387,0.00767594,-0.01247009,0.01458126,-0.00447242,0.00046693,0.00077223,-0.00713715,0.01486602,0.00280659,-0.00890157
0.00000000,0.00000000,0.00000000,0.00000000,0.00000000,0.00000000,0.00000000,0.00000000,0.00000000,0.00000000,0.00000000,0.00000000,0.00000000,0.00000000,0.00000000,0.00000000,0.00000000,0.00000000,0.00000000,0.00000000,0.00000000,0.00000000,0.00000000,0.00000000,0.00000000,0.00000000,0.00000000,0.00000000,0.00000000,0.00000000,0.00000000,0.00000000,0.00000000,0.00000000,0.00000000,0.00000000,0.00000000,0.00000000,0.00000000,0.00000000,0.00000000,0.00000000,0.00000000,0.00000000,0.00000000,0.00000000,0.00000000,0.00000000,0.00000000,0.00000000,0.00000000,0.00000000,0.00000000,0.00000000,0.00000000,0.00000000,0.00000000,0.00000000,0.00000000,0.00000000,0.00000000,0.00000000,0.00000000,0.00000000,0.00000000,0.00000000,0.00000000,0.00000000,0.00000000,0.00000000,0.00000000,0.00000000,0.00000000,0.00000000,0.00000000,0.00000000,0.00000000,0.00000000,0.00000000,0.00000000,0.00000000,0.00000000,0.00000000,0.00000000,0.00000000,0.00000000,0.00000000,0.00000000,0.00000000,0.00000000,0.00000000,0.00000000,0.00000000,0.00000000,0.00000000,0.00000000,0.00000000,0.00000000,0.00000000,0.00000000,0.00000000,0.00000000,0.00000000,0.00000000,0.00000000,0.00000000,0.00000000,0.00000000,0.00000000,0.00000000,0.00000000,0.00000000,0.00000000,0.00000000,0.00000000,0.00000000,-0.01441727,-0.01250770,0.00096604,0.00162866,-0.00542081,0.00309383,-0.01736134,-0.02333372,0.00752786,0.00936368,-0.00664056,-0.00161848
0.00000000,0.00000000,0.00000000,0.00000000,0.00000000,0.00000000,0.00000000,0.00000000,0.00000000,0.00000000,0.00000000,0.00000000,0.00000000,0.00000000,0.00000000,0.00000000,0.00000000,0.00000000,0.00000000,0.00000000,0.00000000,0.00000000,0.00000000,0.00000000,0.00000000,0.00000000,0.00000000,0.00000000,0.00000000,0.00000000,0.00000000,0.00000000,0.00000000,0.00000000,0.00000000,0.00000000,0.00000000,0.00000000,0.00000000,0.00000000,0.00000000,0.00000000,0.00000000,0.00000000,0.00000000,0.00000000,0.00000000,0.00000000,0.00000000,0.00000000,0.00000000,0.00000000,0.00000000,0.00000000,0.00000000,0.00000000,0.00000000,0.00000000,0.00000000,0.00000000,0.00000000,0.00000000,0.00000000,0.00000000,0.00000000,0.00000000,0.00000000,0.00000000,0.00000000,0.00000000,0.00000000,0.00000000,0.00000000,0.00000000,0.00000000,0.00000000,0.00000000,0.00000000,0.00000000,0.00000000,0.00000000,0.00000000,0.00000000,0.00000000,0.00000000,0.00000000,0.00000000,0.00000000,0.00000000,0.00000000,0.00000000,0.00000000,0.00000000,0.00000000,0.00000000,0.00000000,0.00000000,0.00000000,0.00000000,0.00000000,0.00000000,0.00000000,0.00000000,0.00000000,0.00000000,0.00000000,0.00000000,0.00000000,0.00000000,0.00000000,0.00000000,0.00000000,0.00000000,0.00000000,0.00000000,0.00000000,0.00000000,-0.00390262,0.02455314,0.00047743,-0.02157453,0.00016802,-0.00209107,0.00072605,-0.02095759,0.00497201,-0.00339577,-0.00457561
0.00000000,0.00000000,0.00000000,0.00000000,0.00000000,0.00000000,0.00000000,0.00000000,0.00000000,0.00000000,0.00000000,0.00000000,0.00000000,0.00000000,0.00000000,0.00000000,0.00000000,0.00000000,0.00000000,0.00000000,0.00000000,0.00000000,0.00000000,0.00000000,0.00000000,0.00000000,0.00000000,0.00000000,0.00000000,0.00000000,0.00000000,0.00000000,0.00000000,0.00000000,0.00000000,0.00000000,0.00000000,0.00000000,0.00000000,0.00000000,0.00000000,0.00000000,0.00000000,0.00000000,0.00000000,0.00000000,0.00000000,0.00000000,0.00000000,0.00000000,0.00000000,0.00000000,0.00000000,0.00000000,0.00000000,0.00000000,0.00000000,0.00000000,0.00000000,0.00000000,0.00000000,0.00000000,0.00000000,0.00000000,0.00000000,0.00000000,0.00000000,0.00000000,0.00000000,0.00000000,0.00000000,0.00000000,0.00000000,0.00000000,0.00000000,0.00000000,0.00000000,0.00000000,0.00000000,0.00000000,0.00000000,0.00000000,0.00000000,0.00000000,0.00000000,0.00000000,0.00000000,0.00000000,0.00000000,0.00000000,0.00000000,0.00000000,0.00000000,0.00000000,0.00000000,0.00000000,0.00000000,0.00000000,0.00000000,0.00000000,0.00000000,0.00000000,0.00000000,0.00000000,0.00000000,0.00000000,0.00000000,0.00000000,0.00000000,0.00000000,0.00000000,0.00000000,0.00000000,0.00000000,0.00000000,0.00000000,0.00000000,0.00000000,0.05795779,0.00730383,-0.01503514,0.00353848,-0.00329979,-0.00361205,0.00317599,-0.00463900,-0.00099837,0.00296217
0.00000000,0.00000000,0.00000000,0.00000000,0.00000000,0.00000000,0.00000000,0.00000000,0.00000000,0.00000000,0.00000000,0.00000000,0.00000000,0.00000000,0.00000000,0.00000000,0.00000000,0.00000000,0.00000000,0.00000000,0.00000000,0.00000000,0.00000000,0.00000000,0.00000000,0.00000000,0.00000000,0.00000000,0.00000000,0.00000000,0.00000000,0.00000000,0.00000000,0.00000000,0.00000000,0.00000000,0.00000000,0.00000000,0.00000000,0.00000000,0.00000000,0.00000000,0.00000000,0.00000000,0.00000000,0.00000000,0.00000000,0.00000000,0.00000000,0.00000000,0.00000000,0.00000000,0.00000000,0.00000000,0.00000000,0.00000000,0.00000000,0.00000000,0.00000000,0.00000000,0.00000000,0.00000000,0.00000000,0.00000000,0.00000000,0.00000000,0.00000000,0.00000000,0.00000000,0.00000000,0.00000000,0.00000000,0.00000000,0.00000000,0.00000000,0.00000000,0.00000000,0.00000000,0.00000000,0.00000000,0.00000000,0.00000000,0.00000000,0.00000000,0.00000000,0.00000000,0.00000000,0.00000000,0.00000000,0.00000000,0.00000000,0.00000000,0.00000000,0.00000000,0.00000000,0.00000000,0.00000000,0.00000000,0.00000000,0.00000000,0.00000000,0.00000000,0.00000000,0.00000000,0.00000000,0.00000000,0.00000000,0.00000000,0.00000000,0.00000000,0.00000000,0.00000000,0.00000000,0.00000000,0.00000000,0.00000000,0.00000000,0.00000000,0.00000000,0.07594669,-0.00574850,0.00369766,-0.00233223,0.00682400,0.00374662,0.00356782,0.00040154,-0.00093037
0.00000000,0.00000000,0.00000000,0.00000000,0.00000000,0.00000000,0.00000000,0.00000000,0.00000000,0.00000000,0.00000000,0.00000000,0.00000000,0.00000000,0.00000000,0.00000000,0.00000000,0.00000000,0.00000000,0.00000000,0.00000000,0.00000000,0.00000000,0.00000000,0.00000000,0.00000000,0.00000000,0.00000000,0.00000000,0.00000000,0.00000000,0.00000000,0.00000000,0.00000000,0.00000000,0.00000000,0.00000000,0.00000000,0.00000000,0.00000000,0.00000000,0.00000000,0.00000000,0.00000000,0.00000000,0.00000000,0.00000000,0.00000000,0.00000000,0.00000000,0.00000000,0.00000000,0.00000000,0.00000000,0.00000000,0.00000000,0.00000000,0.00000000,0.00000000,0.00000000,0.00000000,0.00000000,0.00000000,0.00000000,0.00000000,0.00000000,0.00000000,0.00000000,0.00000000,0.00000000,0.00000000,0.00000000,0.00000000,0.00000000,0.00000000,0.00000000,0.00000000,0.00000000,0.00000000,0.00000000,0.00000000,0.00000000,0.00000000,0.00000000,0.00000000,0.00000000,0.00000000,0.00000000,0.00000000,0.00000000,0.00000000,0.00000000,0.00000000,0.00000000,0.00000000,0.00000000,0.00000000,0.00000000,0.00000000,0.00000000,0.00000000,0.00000000,0.00000000,0.00000000,0.00000000,0.00000000,0.00000000,0.00000000,0.00000000,0.00000000,0.00000000,0.00000000,0.00000000,0.00000000,0.00000000,0.00000000,0.00000000,0.00000000,0.00000000,0.00000000,0.02433539,-0.02628948,-0.01271986,-0.00536247,-0.02408322,-0.00267236,0.00242366,0.00151366
0.00000000,0.00000000,0.00000000,0.00000000,0.00000000,0.00000000,0.00000000,0.00000000,0.00000000,0.00000000,0.00000000,0.00000000,0.00000000,0.00000000,0.00000000,0.00000000,0.00000000,0.00000000,0.00000000,0.00000000,0.00000000,0.00000000,0.00000000,0.00000000,0.00000000,0.00000000,0.00000000,0.00000000,0.00000000,0.00000000,0.00000000,0.00000000,0.00000000,0.00000000,0.00000000,0.00000000,0.00000000,0.00000000,0.00000000,0.00000000,0.00000000,0.00000000,0.00000000,0.00000000,0.00000000,0.00000000,0.00000000,0.00000000,0.00000000,0.00000000,0.00000000,0.00000000,0.00000000,0.00000000,0.00000000,0.00000000,0.00000000,0.00000000,0.00000000,0.00000000,0.00000000,0.00000000,0.00000000,0.00000000,0.00000000,0.00000000,0.00000000,0.00000000,0.00000000,0.00000000,0.00000000,0.00000000,0.00000000,0.00000000,0.00000000,0.00000000,0.00000000,0.00000000,0.00000000,0.00000000,0.00000000,0.00000000,0.00000000,0.00000000,0.00000000,0.00000000,0.00000000,0.00000000,0.00000000,0.00000000,0.00000000,0.00000000,0.00000000,0.00000000,0.00000000,0.00000000,0.00000000,0.00000000,0.00000000,0.00000000,0.00000000,0.00000000,0.00000000,0.00000000,0.00000000,0.00000000,0.00000000,0.00000000,0.00000000,0.00000000,0.00000000,0.00000000,0.00000000,0.00000000,0.00000000,0.00000000,0.00000000,0.00000000,0.00000000,0.00000000,0.00000000,0.05954827,0.04056557,-0.00812595,-0.01793845,0.00206339,-0.00131075,0.00102229
0.00000000,0.00000000,0.00000000,0.00000000,0.00000000,0.00000000,0.00000000,0.00000000,0.00000000,0.00000000,0.00000000,0.00000000,0.00000000,0.00000000,0.00000000,0.00000000,0.00000000,0.00000000,0.00000000,0.00000000,0.00000000,0.00000000,0.00000000,0.00000000,0.00000000,0.00000000,0.00000000,0.00000000,0.00000000,0.00000000,0.00000000,0.00000000,0.00000000,0.00000000,0.00000000,0.00000000,0.00000000,0.00000000,0.00000000,0.00000000,0.00000000,0.00000000,0.00000000,0.00000000,0.00000000,0.00000000,0.00000000,0.00000000,0.00000000,0.00000000,0.00000000,0.00000000,0.00000000,0.00000000,0.00000000,0.00000000,0.00000000,0.00000000,0.00000000,0.00000000,0.00000000,0.00000000,0.00000000,0.00000000,0.00000000,0.00000000,0.00000000,0.00000000,0.00000000,0.00000000,0.00000000,0.00000000,0.00000000,0.00000000,0.00000000,0.00000000,0.00000000,0.00000000,0.00000000,0.00000000,0.00000000,0.00000000,0.00000000,0.00000000,0.00000000,0.00000000,0.00000000,0.00000000,0.00000000,0.00000000,0.00000000,0.00000000,0.00000000,0.00000000,0.00000000,0.00000000,0.00000000,0.00000000,0.00000000,0.00000000,0.00000000,0.00000000,0.00000000,0.00000000,0.00000000,0.00000000,0.00000000,0.00000000,0.00000000,0.00000000,0.00000000,0.00000000,0.00000000,0.00000000,0.00000000,0.00000000,0.00000000,0.00000000,0.00000000,0.00000000,0.00000000,0.00000000,0.03182928,0.00138883,-0.00220569,-0.00173981,-0.00239815,-0.00291360
0.00000000,0.00000000,0.00000000,0.00000000,0.00000000,0.00000000,0.00000000,0.00000000,0.00000000,0.00000000,0.00000000,0.00000000,0.00000000,0.00000000,0.00000000,0.00000000,0.00000000,0.00000000,0.00000000,0.00000000,0.00000000,0.00000000,0.00000000,0.00000000,0.00000000,0.00000000,0.00000000,0.00000000,0.00000000,0.00000000,0.00000000,0.00000000,0.00000000,0.00000000,0.00000000,0.00000000,0.00000000,0.00000000,0.00000000,0.00000000,0.00000000,0.00000000,0.00000000,0.00000000,0.00000000,0.00000000,0.00000000,0.00000000,0.00000000,0.00000000,0.00000000,0.00000000,0.00000000,0.00000000,0.00000000,0.00000000,0.00000000,0.00000000,0.00000000,0.00000000,0.00000000,0.00000000,0.00000000,0.00000000,0.00000000,0.00000000,0.00000000,0.00000000,0.00000000,0.00000000,0.00000000,0.00000000,0.00000000,0.00000000,0.00000000,0.00000000,0.00000000,0.00000000,0.00000000,0.00000000,0.00000000,0.00000000,0.00000000,0.00000000,0.00000000,0.00000000,0.00000000,0.00000000,0.00000000,0.00000000,0.00000000,0.00000000,0.00000000,0.00000000,0.00000000,0.00000000,0.00000000,0.00000000,0.00000000,0.00000000,0.00000000,0.00000000,0.00000000,0.00000000,0.00000000,0.00000000,0.00000000,0.00000000,0.00000000,0.00000000,0.00000000,0.00000000,0.00000000,0.00000000,0.00000000,0.00000000,0.00000000,0.00000000,0.00000000,0.00000000,0.00000000,0.00000000,0.00000000,0.06690753,-0.01933371,-0.00416772,-0.00458435,0.00051439
0.00000000,0.00000000,0.00000000,0.00000000,0.00000000,0.00000000,0.00000000,0.00000000,0.00000000,0.00000000,0.00000000,0.00000000,0.00000000,0.00000000,0.00000000,0.00000000,0.00000000,0.00000000,0.00000000,0.00000000,0.00000000,0.00000000,0.00000000,0.00000000,0.00000000,0.00000000,0.00000000,0.00000000,0.00000000,0.00000000,0.00000000,0.00000000,0.00000000,0.00000000,0.00000000,0.00000000,0.00000000,0.00000000,0.00000000,0.00000000,0.00000000,0.00000000,0.00000000,0.00000000,0.00000000,0.00000000,0.00000000,0.00000000,0.00000000,0.00000000,0.00000000,0.00000000,0.00000000,0.00000000,0.00000000,0.00000000,0.00000000,0.00000000,0.00000000,0.00000000,0.00000000,0.00000000,0.00000000,0.00000000,0.00000000,0.00000000,0.00000000,0.00000000,0.00000000,0.00000000,0.00000000,0.00000000,0.00000000,0.00000000,0.00000000,0.00000000,0.00000000,0.00000000,0.00000000,0.00000000,0.00000000,0.00000000,0.00000000,0.00000000,0.00000000,0.00000000,0.00000000,0.00000000,0.00000000,0.00000000,0.00000000,0.00000000,0.00000000,0.00000000,0.00000000,0.00000000,0.00000000,0.00000000,0.00000000,0.00000000,0.00000000,0.00000000,0.00000000,0.00000000,0.00000000,0.00000000,0.00000000,0.00000000,0.00000000,0.00000000,0.00000000,0.00000000,0.00000000,0.00000000,0.00000000,0.00000000,0.00000000,0.00000000,0.00000000,0.00000000,0.00000000,0.00000000,0.00000000,0.00000000,0.01212261,0.00903880,-0.00080416,-0.00007248
0.00000000,0.00000000,0.00000000,0.00000000,0.00000000,0.00000000,0.00000000,0.00000000,0.00000000,0.00000000,0.00000000,0.00000000,0.00000000,0.00000000,0.00000000,0.00000000,0.00000000,0.00000000,0.00000000,0.00000000,0.00000000,0.00000000,0.00000000,0.00000000,0.00000000,0.00000000,0.00000000,0.00000000,0.00000000,0.00000000,0.00000000,0.00000000,0.00000000,0.00000000,0.00000000,0.00000000,0.00000000,0.00000000,0.00000000,0.00000000,0.00000000,0.00000000,0.00000000,0.00000000,0.00000000,0.00000000,0.00000000,0.00000000,0.00000000,0.00000000,0.00000000,0.00000000,0.00000000,0.00000000,0.00000000,0.00000000,0.00000000,0.00000000,0.00000000,0.00000000,0.00000000,0.00000000,0.00000000,0.00000000,0.00000000,0.00000000,0.00000000,0.00000000,0.00000000,0.00000000,0.00000000,0.00000000,0.00000000,0.00000000,0.00000000,0.00000000,0.00000000,0.00000000,0.00000000,0.00000000,0.00000000,0.00000000,0.00000000,0.00000000,0.00000000,0.00000000,0.00000000,0.00000000,0.00000000,0.00000000,0.00000000,0.00000000,0.00000000,0.00000000,0.00000000,0.00000000,0.00000000,0.00000000,0.00000000,0.00000000,0.00000000,0.00000000,0.00000000,0.00000000,0.00000000,0.00000000,0.00000000,0.00000000,0.00000000,0.00000000,0.00000000,0.00000000,0.00000000,0.00000000,0.00000000,0.00000000,0.00000000,0.00000000,0.00000000,0.00000000,0.00000000,0.00000000,0.00000000,0.00000000,0.00000000,-0.00064368,0.00915132,0.00457911
0.00000000,0.00000000,0.00000000,0.00000000,0.00000000,0.00000000,0.00000000,0.00000000,0.00000000,0.00000000,0.00000000,0.00000000,0.00000000,0.00000000,0.00000000,0.00000000,0.00000000,0.00000000,0.00000000,0.00000000,0.00000000,0.00000000,0.00000000,0.00000000,0.00000000,0.00000000,0.00000000,0.00000000,0.00000000,0.00000000,0.00000000,0.00000000,0.00000000,0.00000000,0.00000000,0.00000000,0.00000000,0.00000000,0.00000000,0.00000000,0.00000000,0.00000000,0.00000000,0.00000000,0.00000000,0.00000000,0.00000000,0.00000000,0.00000000,0.00000000,0.00000000,0.00000000,0.00000000,0.00000000,0.00000000,0.00000000,0.00000000,0.00000000,0.00000000,0.00000000,0.00000000,0.00000000,0.00000000,0.00000000,0.00000000,0.00000000,0.00000000,0.00000000,0.00000000,0.00000000,0.00000000,0.00000000,0.00000000,0.00000000,0.00000000,0.00000000,0.00000000,0.00000000,0.00000000,0.00000000,0.00000000,0.00000000,0.00000000,0.00000000,0.00000000,0.00000000,0.00000000,0.00000000,0.00000000,0.00000000,0.00000000,0.00000000,0.00000000,0.00000000,0.00000000,0.00000000,0.00000000,0.00000000,0.00000000,0.00000000,0.00000000,0.00000000,0.00000000,0.00000000,0.00000000,0.00000000,0.00000000,0.00000000,0.00000000,0.00000000,0.00000000,0.00000000,0.00000000,0.00000000,0.00000000,0.00000000,0.00000000,0.00000000,0.00000000,0.00000000,0.00000000,0.00000000,0.00000000,0.00000000,0.00000000,0.00000000,0.10258213,-0.00328206
0.00000000,0.00000000,0.00000000,0.00000000,0.00000000,0.00000000,0.00000000,0.00000000,0.00000000,0.00000000,0.00000000,0.00000000,0.00000000,0.00000000,0.00000000,0.00000000,0.00000000,0.00000000,0.00000000,0.00000000,0.00000000,0.00000000,0.00000000,0.00000000,0.00000000,0.00000000,0.00000000,0.00000000,0.00000000,0.00000000,0.00000000,0.00000000,0.00000000,0.00000000,0.00000000,0.00000000,0.00000000,0.00000000,0.00000000,0.00000000,0.00000000,0.00000000,0.00000000,0.00000000,0.00000000,0.00000000,0.00000000,0.00000000,0.00000000,0.00000000,0.00000000,0.00000000,0.00000000,0.00000000,0.00000000,0.00000000,0.00000000,0.00000000,0.00000000,0.00000000,0.00000000,0.00000000,0.00000000,0.00000000,0.00000000,0.00000000,0.00000000,0.00000000,0.00000000,0.00000000,0.00000000,0.00000000,0.00000000,0.00000000,0.00000000,0.00000000,0.00000000,0.00000000,0.00000000,0.00000000,0.00000000,0.00000000,0.00000000,0.00000000,0.00000000,0.00000000,0.00000000,0.00000000,0.00000000,0.00000000,0.00000000,0.00000000,0.00000000,0.00000000,0.00000000,0.00000000,0.00000000,0.00000000,0.00000000,0.00000000,0.00000000,0.00000000,0.00000000,0.00000000,0.00000000,0.00000000,0.00000000,0.00000000,0.00000000,0.00000000,0.00000000,0.00000000,0.00000000,0.00000000,0.00000000,0.00000000,0.00000000,0.00000000,0.00000000,0.00000000,0.00000000,0.00000000,0.00000000,0.00000000,0.00000000,0.00000000,0.00000000,0.02813013
